,순번,영화명,평론가명,평점,한줄평
0,1,베테랑,김성훈,4.5,마침내 완성된 류승완표 <폴리스 스토리>
1,1,베테랑,김현수,4.0,현실에 맞서는 태도의 완성
2,1,베테랑,김혜리,4.0,의협심과 그루브. 감독의 성정과 특기가 투명하게 드러난 소나기 같은 영화
3,1,베테랑,박평식,3.0,아웃복서의 게임처럼
4,1,베테랑,이동진,3.5,심플하고 힘 있게 치고 달리는 영화가 선사하는 통쾌함
5,1,베테랑,이용철,3.0,"통쾌하다. 단, 극장 나오기 전까지만"
6,1,베테랑,이주현,4.0,"제대로 류승완다운 액션•오락영화, 그 완성형"
7,1,베테랑,황진미,3.5,<짝패>의 길거리 액션과 <부당거래>의 비판의식이 만나다
8,2,암살,김현수,3.5,원스 어폰 어 타임 인 경성
9,2,암살,박평식,2.5,"자충수가 된 무리수, 곁눈질"
10,2,암살,이동진,3.0,다 맛보아도 포만감은 들지 않는 잔칫상
11,2,암살,이용철,2.0,사기꾼들과 노닐다 웬 애국자 플레이? 그게 이 시대의 코미디
12,2,암살,이주현,3.5,장총 든 전지현으로 기억될 1930년대의 한 풍경
13,2,암살,황진미,3.5,어느 시공간에 갖다놔도 장르의 재미는 계속된다
14,2,암살,이예지,3.5,여성캐릭터도 블록버스터의 주인공이 될 수 있다는 걸 입증한 것만으로도
15,2,암살,김혜리,3.5,"최동훈의 안단테, 하정우의 칸타빌레"
16,3,어벤져스: 에이지 오브 울트론,김혜리,3.5,"작가 조스 웨던의 장단점이 만개한, 확신에 찬 한수"
17,3,어벤져스: 에이지 오브 울트론,박평식,3.0,너저분한 페스티벌
18,3,어벤져스: 에이지 오브 울트론,송경원,4.0,상향 평준화된 슈퍼히어로 프랜차이즈의 어떤 완성형
19,3,어벤져스: 에이지 오브 울트론,윤혜지,3.5,영웅들의 마음 수련은 계속된다
20,3,어벤져스: 에이지 오브 울트론,이주현,4.0,복잡한 구조 속의 완벽한 균형감
21,3,어벤져스: 에이지 오브 울트론,황진미,3.0,중2병 걸린 개똥철학자와 잡탕찌개 두 그릇을 먹은 느낌
22,3,어벤져스: 에이지 오브 울트론,이용철,3.0,충실한 팬들을 향해 몸을 틀었다. 조금 이르다
23,3,어벤져스: 에이지 오브 울트론,이동진,3.5,끝없이 뻗어가는 마블 시네마틱 유니버스의 거대한 광맥
24,4,내부자들,박평식,2.5,클리셰의 지뢰밭
25,4,내부자들,이용철,3.0,현실을 닮아 영화가 점점 무서워진다
26,4,내부자들,황진미,4.0,내부자가 되어서야만 알 수 있는 대한민국 권력의 구조
27,4,내부자들,이주현,3.5,<베테랑>의 19금 버전 ‘정의는 어쨌든 살아 있다’
28,4,내부자들,윤혜지,3.0,말과 수가 아니었다면 이기지 못했을 판
29,4,내부자들,이예지,3.0,"기득권의 판, 속속들이 파헤친다"
30,4,내부자들,김현수,2.5,‘내’용이 ‘부’실하니 ‘자’랑할 건 배우‘들’뿐
31,4,내부자들,이동진,2.5,적나라하고 자극적인 효과 자체에 사로잡혀 있다
32,4,내부자들,김혜리,3.0,‘외부자들’에게는 가망 없는 곳에서 꾸는 백일몽
33,5,킹스맨: 시크릿 에이전트,박평식,3.5,폭력의 댄디즘이라니
34,5,킹스맨: 시크릿 에이전트,이용철,4.0,한심한 블록버스터들을 비웃어줄 짜릿한 녀석. 빛난다.
35,5,킹스맨: 시크릿 에이전트,장영엽,4.0,스냅백을 쓴 ’영’ 제임스 본드의 탄생
36,5,킹스맨: 시크릿 에이전트,이주현,4.0,<킥애스: 영웅의 탄생> <엑스맨: 퍼스트 클래스>를 뛰어넘는다
37,5,킹스맨: 시크릿 에이전트,송경원,4.0,우아한 난장판. 매너로 무장한 똘끼. 점잖게 미쳐 돌아간다.
38,5,킹스맨: 시크릿 에이전트,이동진,4.0,취향의 폭주 끝에서 마주치는 뻔뻔한 클라이맥스의 쾌감
39,5,킹스맨: 시크릿 에이전트,김혜리,2.5,새로움을 가장한 패션 뒤의 노골적 퇴행
40,6,사도,김혜리,3.0,"병든 아버지의 나라, 병든 아버지라는 나라"
41,6,사도,박평식,3.0,"성정보다 행위, 비통할 따름"
42,6,사도,이용철,4.0,안다고 생각했던 이야기를 전혀 다르게 느끼도록 만든다
43,6,사도,황진미,3.0,"부자갈등으로 사사화시키고, ‘봉합’에 의의를 두었구나"
44,6,사도,이화정,3.5,모던한 연출과 모던한 연기의 합일
45,6,사도,김성훈,4.0,비극으로만 그치지 않고 아버지와 아들의 진정한 화해를 시도하는
46,6,사도,유지나,3.5,영화로 역사를 묻는 흥미진진 팩션사극 만발!
47,6,사도,이동진,3.5,천둥 같은 분노가 아니라 이슬 같은 무력감
48,7,미션 임파서블: 로그네이션,김혜리,3.0,이 모든 게 헌트의 정교한 백일몽이 아닐까 처음으로 상상해 보다
49,7,미션 임파서블: 로그네이션,박평식,3.5,고전이 녹아든 스피드와 서스펜스
50,7,미션 임파서블: 로그네이션,이동진,4.0,첩보 장르의 서스펜스와 액션 장르의 스펙터클의 흥미진진한 배합
51,7,미션 임파서블: 로그네이션,이용철,4.0,이제 톰 크루즈는 캐리 그랜트 같은 아이콘에 근접했다
52,7,미션 임파서블: 로그네이션,황진미,3.0,통제되지 않는 정보기관 IMF가 그대로 존치되어야 한다고?
53,7,미션 임파서블: 로그네이션,이화정,4.0,시리즈의 본령을 완벽하게 되살린 경지
54,7,미션 임파서블: 로그네이션,장영엽,4.0,"선을 닮은 악, 악을 닮은 선"
55,7,미션 임파서블: 로그네이션,김현수,4.0,히치콕을 만난 톰 크루즈
56,8,쥬라기 월드,황진미,3.0,업그레이드에는 성공. 인물과 서사를 만드는 데는 실패
57,8,쥬라기 월드,장영엽,3.0,공룡과 21세기 테마파크가 만나면
58,8,쥬라기 월드,송경원,3.0,"랩터와 T-렉스가 주인공인 괴수물, 일편단심 1편 바라기"
59,8,쥬라기 월드,이동진,3.0,그저 시리즈 1편만 하염없이 바라본다
60,8,쥬라기 월드,이용철,3.0,이건 괴수물이다.
61,9,연평해전,김현수,2.5,130분 과정 예비군 안보교육
62,9,연평해전,송경원,2.0,"만들어진 애국, 빗나간 눈물. 앙상하고 엉성하다."
63,9,연평해전,이동진,2.0,내내 관성적인 작법과 시종 경직된 연출
64,9,연평해전,황진미,3.0,"‘왜?’라는 질문의 결여로, 선빵의 중요성만 부각된다"
65,10,검은 사제들,박평식,2.5,버터에 된장을 섞어 볶고 태우다
66,10,검은 사제들,이용철,3.0,"단편에 없었던 의미를 부여했다면, 더 좋았을 것이다"
67,10,검은 사제들,황진미,3.0,"한국적 특수성을 소거한 채, 인류적 보편성에 기대다. 왜?"
68,10,검은 사제들,이주현,3.0,강동원 캐스팅은 신의 한수
69,10,검은 사제들,윤혜지,3.0,선택과 집중의 좋은 예
70,10,검은 사제들,김혜리,2.5,"클로즈업과 트라우마, 설명은 과하고 기(氣)는 약하다"
71,10,검은 사제들,이동진,3.0,모험적 시도에 스타파워가 제대로 기여한 경우.
72,11,마션,박평식,4.0,"복 있으라, 즐겁게 버티는 자"
73,11,마션,송경원,4.0,긍정 끝판왕의 화성 탐사 시뮬레이션 게임. 몰입도는 <문명>급
74,11,마션,이용철,3.5,그도 이제 행복한 귀환을 꿈꾸는구나
75,11,마션,이동진,4.0,하나를 위한 전체. 세상에서 가장 낙천적인 (SF)재난영화
76,11,마션,김혜리,4.0,유캔두잇&위아더월드. 문제해결 프로세스가 만들어내는 큰 재미
77,11,마션,유지나,4.0,"지구적 포기 넘어, 우주적으로 살아가는 감흥~"
78,12,히말라야,김성훈,3.0,실화의 빈 곳을 영리하게 메우는 산악영화
79,12,히말라야,박평식,2.0,"생고생 연기, 헛고생 연출"
80,12,히말라야,윤혜지,3.0,모범적인 실화의 영화화. 예기치 못한 지점에서 호감이 생긴다
81,12,히말라야,이동진,2.0,도통 터지지 않는 웃음. 맺히자마자 얼어붙는 눈물
82,12,히말라야,이용철,2.0,안 그래도 울 일은 많으니까 억지로 울리려 애쓰지 말기를
83,12,히말라야,이주현,3.5,편견 없이 보면 더 감동적인 감동실화
84,12,히말라야,황진미,3.5,"운명처럼 도착하여, 인간과 시신에 대한 예의를 일깨우다"
85,13,인사이드 아웃,김혜리,3.5,행복에 있어서 슬픔을 다루는 기술의 중요성. 픽사의 리바운드
86,13,인사이드 아웃,박평식,4.0,감정 내시경!
87,13,인사이드 아웃,이화정,4.0,정교한 성장의 메커니즘. 내 기억저장소에 킵!
88,13,인사이드 아웃,김소희,4.0,내가 성장하는 동안 일어났을 감정의 격랑들
89,13,인사이드 아웃,김현수,4.5,이제와 항상 영원히 픽사
90,13,인사이드 아웃,유지나,3.0,감정 컨트롤 타워 속내 구경. 흥미로운 나들의 관계!
91,13,인사이드 아웃,이동진,4.0,나는 이제 너에게도 슬픔을 주겠다. 사랑보다 소중한 슬픔을 주겠다. (정호승 <슬픔이 기쁨에게>)
92,13,인사이드 아웃,이용철,4.0,"내 머리와 가슴속은 어떻게 생겼을까, 마구마구 궁금하게 만든다"
93,13,인사이드 아웃,황진미,3.5,정신분석학의 성과를 역동적으로 공간화한 수작
94,15,조선명탐정 : 사라진 놉의 딸,이용철,2.5,어른들이 못난 탓에 아이들만 죽어나는구나
95,15,조선명탐정 : 사라진 놉의 딸,황진미,3.0,깨알같은 개그와 허허실실 캐릭터가 살아있는 조선명콤비!
96,16,인턴,박평식,3.0,재미와 교훈은 중반까지만
97,16,인턴,장영엽,3.5,"진짜 어른이 만든, 진짜 어른의 세계에 대한 영화"
98,16,인턴,이용철,2.5,딱 80년대식 코미디의 낙관
99,17,터미네이터 제니시스,박평식,2.5,"설정은 고작, 액션은 가까스로"
100,17,터미네이터 제니시스,장영엽,3.0,1편으로부터 다시 시작한다
101,17,터미네이터 제니시스,김현수,3.5,아빠가 되어 돌아온 터미네이터
102,17,터미네이터 제니시스,김혜리,2.5,캐릭터는 흔들리고 이야기는 소진돼 다음에 어찌할지
103,17,터미네이터 제니시스,이동진,2.5,"음, 이렇게 두편이 더 나온다는 건데…"
104,17,터미네이터 제니시스,이용철,3.0,이 정도면 기본은 하는 리부팅
105,17,터미네이터 제니시스,황진미,3.0,노병은 죽지 않는다. 윤회하며 늙어갈 뿐이다
106,18,분노의 질주: 더 세븐,이용철,3.5,"재미는 무조건 보장하는 시리즈, 사실 더 큰 의미가 있는 시리즈"
107,18,분노의 질주: 더 세븐,송경원,3.5,<미션 임파서블>로 시작했다가 <트랜스포머>를 지나 <휴먼다큐 사람이 좋다>로 마무리
108,19,스타워즈: 깨어난 포스,박평식,3.5,"아쉬워도 감격, 힘찬 시동!"
109,19,스타워즈: 깨어난 포스,이용철,4.0,이렇게 정치적인 시리즈였나?
110,19,스타워즈: 깨어난 포스,이화정,3.5,"J. J. 에이브럼스, 치우치지 않는 지휘"
111,19,스타워즈: 깨어난 포스,장영엽,3.5,(새로운 동반자와 함께) 집으로 돌아가는 길
112,19,스타워즈: 깨어난 포스,이주현,3.5,"올드 앤드 뉴, 너와 나의 연결고리 편"
113,19,스타워즈: 깨어난 포스,김성훈,4.0,다음편을 빨리 만들어 내놓아라
114,19,스타워즈: 깨어난 포스,김혜리,3.5,"성과 인종에 대한 관점을 개정증보한, <스타워즈: 새로운 희망>의 리팩"
115,20,스물,이용철,2.5,미래의 가능성과 희망? 지금 웃으며 할 이야기는 아닌 것 같다
116,20,스물,김성훈,2.0,재기 넘치게 펼쳐놓고 전형적으로 봉합하는
117,21,앤트맨,김혜리,3.0,마블 스튜디오 장르 진열장에 귀여운 하이스트 무비 추가
118,21,앤트맨,박평식,3.0,사이즈의 마술로 재미 쑥쑥
119,21,앤트맨,이용철,4.0,요즘 슈퍼히어로들이 잃어버린 걸 되찾아냈다
120,21,앤트맨,황진미,3.5,"개미처럼 성실한 상상, 깨알처럼 빼곡한 재미"
121,22,극비수사,박평식,3.0,곽경택이 힘 빼고 각을 좁히면
122,22,극비수사,황진미,3.5,꼭 살아 있다는 믿음. 꼭 살려야 한다는 원칙. 그게 필요했다
123,22,극비수사,김성훈,4.0,비상식이 당연한 시대에 불어넣는 휴머니티
124,22,극비수사,정지혜,3.5,소신과 뚝심으로 일군 곽경택표 가족드라마
125,22,극비수사,이용철,4.0,"곽경택과 김윤석의 부활, 유해진의 굳히기"
126,22,극비수사,이화정,3.0,사건이 아니라 신념을 형상화
127,22,극비수사,김현수,4.0,사람이 사람을 구원한다
128,22,극비수사,이동진,2.5,소재의 개성을 살려내지 못했다
129,23,빅 히어로,박평식,3.0,눈치껏 모아 부풀린
130,23,빅 히어로,송경원,3.5,"최상은 아니라도 꽤 잘빠진, 조립식 장난감"
131,23,빅 히어로,윤혜지,4.0,저 품에 안겨 있으면 세상만사가 평화로울 것 같다
132,23,빅 히어로,이용철,3.0,"대세는 슈퍼히어로, 저항할 수 없다면 끌어안기"
133,23,빅 히어로,주성철,3.5,소년과 로봇의 우정에 스탠 리의 향기를
134,24,메이즈 러너: 스코치 트라이얼,이화정,3.0,"레벨 업, 오락적 측면에서"
135,24,메이즈 러너: 스코치 트라이얼,송경원,3.0,"더 다듬어지고 덜 펄떡이는, 징검다리의 딜레마"
136,25,탐정 : 더 비기닝 ,박평식,2.5,코미디에 말려든 미스터리
137,25,탐정 : 더 비기닝 ,황진미,3.5,"코미디도 좋고, 추리극도 기대 이상. 단 여성혐오의 스멜이…"
138,25,탐정 : 더 비기닝 ,김성훈,3.5,"권상우, 성동일 콤비의 <아빠! 어디가?>"
139,25,탐정 : 더 비기닝 ,이동진,2.5,웃음이 나다가도 멈칫멈칫하게 된다
140,26,미니언즈,송효정,3.0,미니언 귀요미들의 매력에 풍덩
141,26,미니언즈,이주현,2.5,단세포 캐릭터의 매력을 감당 못하는 스토리
142,26,미니언즈,김혜리,2.5,<마다가스카의 펭귄>보다 덜 성공적인 스핀오프. 그래도 바나나!
143,26,미니언즈,이용철,2.5,너무 귀엽다. 그러나 그걸로 다 용서되는 건 아니다
144,26,미니언즈,윤혜지,2.0,귀여움 끝판왕 vs 참을 수 없는 스핀오프의 가벼움
145,26,미니언즈,이동진,2.5,귀여운 캐릭터만으로는 부족할 수밖에
146,27,스파이,박평식,3.0,엉뚱하고 푸짐한 ‘말빨쇼’
147,27,스파이,이용철,3.5,재미로 치면 으뜸이다
148,27,스파이,김현수,4.0,멜리사 매카시 만세
149,27,스파이,김혜리,3.5,<킹스맨: 시크릿 에이전트>의 단점에 대한 해독제. 속편이 기대되는 고영양가 코미디
150,28,강남 1970,박평식,2.0,스타일도 70년대
151,28,강남 1970,윤혜지,2.5,강남의 말론 브랜도를 꿈꾸었으나 이민호의 기럭지만 오롯이 남았다
152,28,강남 1970,이용철,3.0,결국 가장 악질인 쓰레기가 그 땅을 차지했다는 이야기
153,28,강남 1970,이화정,3.0,"유하의 거리. 앞선 두 거리보다 폭은 넓어졌으나, 너무 혼잡함"
154,28,강남 1970,주성철,3.5,"거리 3부작을 넘어 정치, 조폭, 땅을 엮는 야심만큼은 대단"
155,28,강남 1970,황진미,3.0,자극은 강렬하나 울림은 새롭지 않다. 이젠 사극이라 할 판
156,28,강남 1970,이동진,2.0,"밑그림만 뚜렷할 뿐, 마음 둘 곳 없이 온통 비릿하다"
157,29,악의 연대기,박평식,2.5,반전강박이 도졌어
158,29,악의 연대기,송경원,3.5,팽팽히 당기는 맛은 모자라도 할 건 다 하는 모범생 스릴러
159,29,악의 연대기,이동진,2.0,반전 강박에 잡아먹힌 또 한편의 스릴러
160,29,악의 연대기,이용철,2.5,딱 기성복만큼의 핏
161,29,악의 연대기,이예지,3.0,논리가 아닌 정서로 끌고 가는 스릴러
162,30,뷰티 인사이드,김혜리,2.0,아주 간단한 수식이 아주 더디게 풀리는 과정을 지켜보는 기분
163,30,뷰티 인사이드,이예지,2.5,좋은 기획으로 아쉬운 영화를 만든 사례
164,30,뷰티 인사이드,이용철,2.5,외모를 내면이라 착각하는 사람들에게
165,30,뷰티 인사이드,김성훈,2.5,둘 사이에서만 머물러 있는 고민 때문에 리얼리티를 확보하지 못하는 로맨틱 코미디
166,30,뷰티 인사이드,김현수,2.5,그러니까 연애의 완성은 얼굴?
167,30,뷰티 인사이드,이화정,2.5,표피를 벗기고 벗겨내도 자꾸 겉모습만 드러나는 형국
168,31,부산행,박평식,3.5,쾌속의 감흥에서 신파의 터널로
169,31,부산행,이용철,4.0,좀비영화 보면서 울었네
170,31,부산행,한동원,3.5,'드디어 좀비영화 본격 국산화에 성공'에서 멈춰서버린 성취
171,31,부산행,이화정,3.5,"한국영화계, 좀비와 연상호를 획득"
172,31,부산행,윤혜지,4.0,우리가 이미 알고 있는 디스토피아
173,31,부산행,정지혜,3.0,"연상호 세계의 범작, 그 호기로운 시도"
174,31,부산행,김현수,3.5,좀비가 한국에 와서 고생이 많다
175,31,부산행,허남웅,3.5,"'헬조선' 발 좀비 열차를 타라! 재미 보장, 안전은 보장 못함"
176,31,부산행,김혜리,3.5,마음껏 애도하고 분노하지 못한 자를 위한 호러 판타지
177,31,부산행,황진미,3.5,휘몰아치는 좀비 액션물이자 협력을 강조하는 윤리극
178,32,검사외전,박평식,2.5,"무리수, 티켓 파워가 뭐기에"
179,32,검사외전,이용철,2.5,분노할 일에 웃게 만들기
180,32,검사외전,황진미,3.0,"진지한 법정극으로는 중간, 경쾌한 사기극으로는 추천"
181,32,검사외전,이주현,3.0,훨훨 나는 강동원 보는 재미
182,32,검사외전,김성훈,3.0,사기꾼의 거짓말을 장착한 검사의 복수극
183,32,검사외전,김현수,3.0,이마에 웃김을 붙이고 권력에 맞서는 강동원
184,32,검사외전,이동진,2.5,배우의 매력으로 가린 허점
185,33,캡틴 아메리카: 시빌 워,박평식,3.5,팽팽한 자중지란의 재미
186,33,캡틴 아메리카: 시빌 워,이동진,4.0,익숙함과 새로움 사이의 절묘한 균형감각
187,33,캡틴 아메리카: 시빌 워,한동원,4.0,어렵사리 부어온 적금 이제야 탄 기분
188,33,캡틴 아메리카: 시빌 워,장영엽,3.5,"시작을 위한 끝, 끝을 위한 시작"
189,33,캡틴 아메리카: 시빌 워,이주현,4.0,"갈수록 진화하는 마블+디즈니, 독주는 계속되리"
190,33,캡틴 아메리카: 시빌 워,송경원,4.0,캐릭터 앞에 평등한 마블식 정리정돈
191,33,캡틴 아메리카: 시빌 워,김현수,3.5,"초딩으로 돌아간 슈퍼히어로, 토르와 헐크 빼고 우정 투쟁"
192,33,캡틴 아메리카: 시빌 워,이예지,4.0,수많은 히어로들을 한 스크린에 조화롭게 공존시키는 MCU의 힘
193,33,캡틴 아메리카: 시빌 워,허남웅,4.0,마블 대 DC 무비 워: 마블 한수 위
194,33,캡틴 아메리카: 시빌 워,김혜리,3.5,덤덤한 포만감. 슈퍼히어로 장르가 도달한 1차 포화점
195,33,캡틴 아메리카: 시빌 워,황진미,3.0,"명분에 의한 내전이 아니라, 사감에 의한 패싸움일세"
196,34,밀정,김성훈,4.0,경계에 선 송강호의 변화무쌍한 얼굴이 서사를 만든다
197,34,밀정,박평식,2.5,김지운에게 클리셰와 트렌드라니
198,34,밀정,이용철,4.5,인간은 무엇으로 사는가
199,34,밀정,이주현,4.0,강박적 이분법을 넘어 뜨거운 회색지대로
200,34,밀정,장영엽,3.5,이야기가 아니라 표정과 정서로 각인될 영화
201,34,밀정,한동원,4.0,장르의 틈새에 녹아든 경계인의 초상
202,34,밀정,허남웅,3.5,친일의 매트릭스에서 각성하라!
203,34,밀정,김혜리,3.5,궤도로 돌아와 원숙해진 김지운의 무드. 경성역 도착까지는 표정과 음향에 흠뻑 취한다 
204,34,밀정,황진미,4.0,"성패가 아닌, 사람이 마땅히 해야될 일을 생각한다는 것"
205,35,터널,박평식,3.0,화생방 실습에서 민방위 훈련으로
206,35,터널,이용철,3.5,"버티면서 구한 중산층의 삶, 끝에서 시작되는 질문"
207,35,터널,이화정,3.5,유머와 공포를 오가는 씁쓸함. 이 정도면 다큐멘터리급
208,35,터널,이주현,3.5,과하지 않게 위트와 메시지를 담는 솜씨가 일품
209,35,터널,정지혜,3.5,"폐허 한가운데서도 돌탑을 쌓아올리는데, 울고만 있을 수 있나"
210,35,터널,김현수,4.0,무너진 나라에서 살아남기
211,35,터널,이예지,3.5,나 아직 살아 있다고 외치는 사람들에게
212,35,터널,허남웅,3.0,"삼풍부터 세월호까지, 여전히 터널 안에 갇힌 안전"
213,35,터널,황진미,3.5,극한의 상황에서 긍정적인 삶의 윤리를 일깨우다
214,36,럭키,이주현,2.5,뭘 해도 통하는 유해진의 코미디
215,36,럭키,윤혜지,2.5,귀여움만 닮았다
216,36,럭키,허남웅,2.0,유해진 배우가 가끔 개인기로 웃겨준다
217,36,럭키,이용철,3.0,밸런스만 잘 유지되었다면
218,37,곡성(哭聲),이동진,5.0,그 모든 의미에서 무시무시하다
219,37,곡성(哭聲),김성훈,4.5,맥거핀을 쌍절곤 돌리듯이
220,37,곡성(哭聲),박평식,3.5,"5종복합혈투, 플롯 하나는 귀신이 곡하겠어"
221,37,곡성(哭聲),윤혜지,4.0,여전히 실체 없는 두려움. 그럼에도 속절없이 낚이고 만다
222,37,곡성(哭聲),이예지,4.0,"순연한 악, 그 압도적 박력"
223,37,곡성(哭聲),이용철,4.0,지가 먼저 현혹하면서 현혹되지 말라니
224,37,곡성(哭聲),장영엽,4.5,"기꺼이 낚이고 싶은, 위험하고도 황홀한 미끼"
225,37,곡성(哭聲),한동원,4.5,작두 탄 영화
226,37,곡성(哭聲),허남웅,4.5,"곡소리 나는 이야기, 억소리 나는 연출"
227,37,곡성(哭聲),김현수,4.5,‘마음’을 영화로 뒤흔든다
228,37,곡성(哭聲),이화정,4.0,냉기를 품고 전력질주. 허술함과 완벽함 사이의 작두타기
229,37,곡성(哭聲),송경원,3.0,"본 자와 보지 못한 자 가릴 것 없이 미혹하는 거대한 쇼, 허기진 이야기"
230,37,곡성(哭聲),황진미,4.0,인간은 미혹되는 존재이자 끝까지 믿지도 못하는 존재라네
231,37,곡성(哭聲),김혜리,3.0,인과의 도치로 엮은 올무
232,38,인천상륙작전,박평식,1.5,"겉멋 상륙, 작렬"
233,38,인천상륙작전,이용철,1.0,리암 니슨 이름 봐서 별 한개 추가
234,38,인천상륙작전,황진미,2.0,"반공주의와 영웅주의로 범벅된, 맥아더에게 바치는 헌사"
235,38,인천상륙작전,김성훈,1.0,2016년판 <똘이장군>
236,38,인천상륙작전,허남웅,2.0,시대가 뒤로 가니 영화도 역행한다
237,39,닥터 스트레인지,김혜리,3.0,<배트맨 비긴즈> <인셉션> <매트릭스> <해리 포터>의 자재를 종합해 지은 마블대공원 내 매직 아일랜드
238,39,닥터 스트레인지,박평식,3.0,곁눈질치곤 화려하고 요란하네
239,39,닥터 스트레인지,이용철,3.5,이상한 녀석에게 빠져버렸다
240,39,닥터 스트레인지,한동원,3.0, 이토록 화려한 시각효과의 홍수를 뚫고 밀려오는 졸음이야말로 진정 스트레인지
241,39,닥터 스트레인지,이주현,4.0," 컴버배치가 마법을 부린다, 디즈니가 마법을 부린다"
242,39,닥터 스트레인지,허남웅,4.0,"약은 약사에게, 진료는 의사(Dr.)에게, 히어로물은 마블에"
243,40,덕혜옹주,김성훈,2.5,덕혜옹주보러 갔다가 김장한(박해일)한테 몰입됐네
244,40,덕혜옹주,허남웅,3.0,역사와 사랑 사이에서 애매한 줄타기
245,40,덕혜옹주,김혜리,2.5,무미무취한 ‘비운의 왕녀’ 이야기
246,40,덕혜옹주,박평식,2.5," 당혹, 허진호의 멜로 활극"
247,40,덕혜옹주,이용철,3.5,정말 이상하고 그만큼 슬픈 이야기
248,40,덕혜옹주,한동원,3.0,"허진호의 속 깊은 시선이 끝내 아쉬웠던, 우리들의 처연한 역사"
249,40,덕혜옹주,황진미,3.0,구황실이 독립운동을 했다고 믿고싶은 욕망의 불순함
250,41,마스터,김혜리,3.0,16부작 미니시리즈를 한 자리에서 본 기분
251,41,마스터,박평식,2.5,알짜배기 100분과 군더더기 42분
252,41,마스터,이용철,2.5,여러 답들을 모아 쓴 오답
253,41,마스터,한동원,3.0,"지금, 이 영화가 그리도 공들여 만들어낸 ‘건국 이래 최대 게이트’는 무척이나 김빠져 보인다"
254,41,마스터,이주현,3.0,이병헌의 1대 100
255,41,마스터,김성훈,2.5,사족이 너무 길다
256,41,마스터,정지혜,3.0,걷어내기의 미덕이 무척 아쉬운. 
257,41,마스터,황진미,3.0,"정의를 실현하는 백마 탄 초인을 믿다니, 얼마나 순진한가"
258,41,마스터,이예지,2.5,허공에서 공회전하는 오락영화
259,41,마스터,허남웅,3.5,굳이 현실과 연관하지 않아도 흥미롭게 볼 수 있는
260,42,신비한 동물사전,김혜리,3.5,확고한 세계관과 그 세계를 이해하는 숙련된 프로덕션. 2016년의 세상이 필요로 하는 판타지
261,42,신비한 동물사전,박평식,3.0,환멸의 시대를 버티는 이들에게
262,42,신비한 동물사전,장영엽,2.5,이렇게까지 착할 줄은 몰랐지
263,42,신비한 동물사전,송경원,3.5, “내 상상력은 이만큼 뛰어나지 않으니까”
264,42,신비한 동물사전,허남웅,3.5, J. K. 롤링이야말로 신비한 판타지 사전
265,42,신비한 동물사전,황진미,3.0,<해리 포터>의 후광에 힘입어 타자와의 공존을 말하다
266,42,신비한 동물사전,윤혜지,4.0,"롤링의 팝업북, 존재만으로 감사합니다"
267,42,신비한 동물사전,이예지,3.5,마법 세계를 여행하는 ‘노마지’를 위한 안내서
268,42,신비한 동물사전,이용철,3.5,첫 녀석을 본 순간부터 내 눈은 반짝이기 시작했다
269,43,주토피아,안현진,4.0,볼거리+귀여움+감동의 3박자를 다 갖췄다
270,43,주토피아,장영엽,3.5,차이와 편견에 대한 디즈니의 흥미로운 우화
271,43,주토피아,김성훈,3.5,태어날 때부터 정해지는 건 없다
272,43,주토피아,이동진,3.5,현실의 문제를 더욱 또렷하게 드러내는 잘 만든 우화의 탄력
273,44,아가씨,김혜리,4.0,나쁜 섹스 vs. 좋은 섹스. 사랑과 착취가 꽃피는 인형의 집
274,44,아가씨,박평식,3.0,때깔에 취하고 놀이에 체하다
275,44,아가씨,이동진,4.0,검은 유머와 회색 플롯 사이로 경쾌하게 질주하는 붉은 감정
276,44,아가씨,이화정,4.0,"김민희라는 견고함, 김태리라는 당돌함. 당차고 아름다운 연대"
277,44,아가씨,장영엽,4.0,박찬욱 감독의 영화 중 가장 사랑스럽다
278,44,아가씨,김성훈,4.0,한국영화 사상 가장 뭉클하고 애틋한 두 여성의 연대
279,44,아가씨,송경원,3.5,탁월하게 예쁘지만 아름답진 못한 것(들)
280,44,아가씨,정지혜,3.5,"성과 계급의 역할 놀이는 이제 안녕, 다른 세상을 꿈꾸다"
281,44,아가씨,김소희,3.0,<올드보이>의 오대수가 되어버린 관객
282,44,아가씨,이예지,4.0,"장르적이고 엔터테이닝한 이야기, 명쾌하고 진취적인 결말"
283,44,아가씨,허남웅,4.0,파격과 오마주가 새로 찾은 한국적 풍경의 신세계
284,44,아가씨,김현수,4.0,빼앗긴 여성에도 사랑은 찾아온다
285,44,아가씨,황진미,3.5,명쾌한 여성주의 결론에 스민 기묘한 식민지적 무의식
286,45,판도라,박평식,2.5,방사능 먹는 신파
287,45,판도라,한동원,2.5,"넘치는 주장과 감정의 압력에 폭발, 산산이 흩어져버린 스펙터클"
288,45,판도라,황진미,3.5, 대단히 개연성 있는 재난이라는 점이 진짜 공포이다
289,45,판도라,송경원,3.0,아무것도 할 수 없는 상황에서 가능한 쥐어짜낸다
290,45,판도라,이예지,3.0,"컨트롤타워의 부재, ‘탈조선’을 꿈꾸던 청년에게 누가 영웅을 떠맡기는가"
291,45,판도라,허남웅,2.5,원전의 재앙도 한국 가족주의 신파는 삼키지 못한다
292,45,판도라,김혜리,2.5,마이클 베이판보다 ‘사실적인’ 한국식 <아마겟돈>. 많이 설명하고 오래 운다
293,45,판도라,이용철,3.0,주제와 판단까지 강요하지 않았다면 더 좋았겠다
294,46,쿵푸팬더3,정지혜,2.5,“드라마틱한 등퇴장”만이라도 기대했건만…
295,46,쿵푸팬더3,이동진,3.0,팬더가 주인공인 시리즈의 힘. 심지어 이번엔 팬더들.
296,47,데드풀,김혜리,3.0,수퍼 히어로 영화에 대한 피로감을 틈새시장으로 겨냥한 말발의 히어로
297,47,데드풀,이동진,3.5,구강 액션의 진경
298,47,데드풀,김현수,3.0,정의보다 연애 택한 망나니 로맨티스트
299,48,귀향,황진미,3.5,"분노가 아니라, 치유와 반성과 회복을 위한 씻김굿"
300,48,귀향,윤혜지,3.0,살아도 산 것이 아닌 생을 어루만지는 소녀의 씻김굿
301,48,귀향,유지나,3.5,역사에 빙의하는 영화 소명이 사무친다!
302,48,귀향,이동진,2.0,역사에 대한 울분. 영화에 대한 한숨
303,49,나우 유 씨 미 2,박평식,2.0,떠버리들의 야바위판
304,49,나우 유 씨 미 2,이용철,2.5,새로운 것 없이 전편 뒤집기만 해서야
305,49,나우 유 씨 미 2,김소희,2.5,설명할수록 시시해지는
306,49,나우 유 씨 미 2,한동원,2.0,영화 종료와 동시에 2시간9분이 흔적도 없이 사라지는 마술
307,50,엑스맨: 아포칼립스,김혜리,4.0,<엑스맨> 비긴스. 액션이 곧 스토리를 쓰고 주제를 형상화하는 진풍경
308,50,엑스맨: 아포칼립스,이주현,3.5,신구 캐릭터의 조화가 빛났다
309,50,엑스맨: 아포칼립스,송경원,3.5,"내가 히어로영화에 관대한 건지, 싱어가 뛰어난 건지"
310,50,엑스맨: 아포칼립스,허남웅,4.0,싱어가 <엑스맨>을 떠나면? 그게 아포칼립스
311,50,엑스맨: 아포칼립스,이동진,3.5,성실하고 세심한 모범생 블록버스터
312,50,엑스맨: 아포칼립스,한동원,3.0,동어반복과 과대망상의 중력장에선 어떤 초능력도 통하지 않는다
313,50,엑스맨: 아포칼립스,김현수,4.5,브라이언 싱어는 엑스맨의 알파요 오메가
314,51,형,이주현,2.0,울려야 한다는 강박이 낳은 무리수
315,51,형,정지혜,2.0,"벡델 따윈 상관없다는 브로맨스, 스톱 다운"
316,51,형,허남웅,2.0,"너 같은 동생 둔 적 없다, 고 부정하고 싶은 심경"
317,52,미스 페레그린과 이상한 아이들의 집,이용철,3.5,여전히 흥미진진하면서도 은밀해진 팀 버튼의 세계
318,52,미스 페레그린과 이상한 아이들의 집,허남웅,3.5,팀 버튼이 쏘아 올린 판타지 풍선은 여전히 하늘에서 두둥실
319,52,미스 페레그린과 이상한 아이들의 집,김혜리,3.5,토끼굴과 흉흉한 아름다움. 우리가 여전히 팀 버튼에게 원하는 것의 총망라
320,52,미스 페레그린과 이상한 아이들의 집,윤혜지,3.5,성장과 교류를 원치 않는 이들을 위한 유예된 낙원. 그곳에 가고 싶다
321,53,정글북,박평식,3.0,천의무봉 CG세상
322,53,정글북,이용철,3.0,재미있고 감동적이나 CG를 감안하면 서늘하다
323,53,정글북,한동원,4.0,기술 없는 정글에서 최고의 기술을 만나는 아이러니. 그야말로 할리우드
324,53,정글북,이주현,3.0,"진짜 배우와 가상공간의 놀라운 합체, 시각효과만큼은 최고"
325,53,정글북,송경원,3.5,경이로운 팝업북
326,53,정글북,허남웅,3.5,익숙한 이야기도 디즈니가 손을 대면 황금알을 낳는 거위
327,53,정글북,김현수,3.5,혁명과 진화의 정글 스토리
328,53,정글북,김성훈,4.0,실사로 찍은 것보다 훨씬 생동감이 넘친다
329,53,정글북,김혜리,3.5,스튜디오의 역사와 스타일을 신기술로 업데이트한 좋은 예
330,54,제이슨 본,박평식,3.0,가까스로 본전치기
331,54,제이슨 본,이용철,3.0,아우라에 상처는 입었지만 이 정도면…
332,54,제이슨 본,송효정,2.0,반갑지만 이미 들어본 메들리
333,54,제이슨 본,김성훈,2.5,맷 데이먼은 반갑지만 동어반복
334,54,제이슨 본,김현수,2.5,아직도 자기가 누군지 모른다는 게 문제
335,54,제이슨 본,허남웅,3.5,그런데도 여전히 독보적인 첩보 ‘액션’
336,54,제이슨 본,김혜리,2.5,"늘어난 추격전, 모호해진 동기"
337,55,도리를 찾아서,김혜리,3.5,"종종 전편보다 번잡하고 넘치지만, 충분히 유익하고 아름다운 아쿠아리움"
338,55,도리를 찾아서,박평식,3.5,푸르게 흠뻑 젖었네
339,55,도리를 찾아서,이용철,2.0,각본으로는 픽사 최악의 영화
340,55,도리를 찾아서,윤혜지,3.0,"교육, 협력, 포용의 가치를 일깨우는 바다생물들"
341,55,도리를 찾아서,김수빈,3.0,주연보다 빛나는 조연
342,55,도리를 찾아서,허남웅,3.5,신스틸러 문어를 찾아서
343,56,아수라,박평식,3.0,지치고 질린다
344,56,아수라,이용철,3.5,지옥에 갈 때는 자기 얼굴을 지워야 한다
345,56,아수라,한동원,3.0,투 머치
346,56,아수라,이화정,3.0,끝까지 간다
347,56,아수라,장영엽,3.0,언제나 가장 무서운 건 인간이다
348,56,아수라,이주현,2.5,싸움이 끝나는 순간 피로감은 허무함으로 대체된다
349,56,아수라,송경원,3.0,진귀하면서도 피곤한 구경거리
350,56,아수라,정지혜,3.0,"익숙한 악인들의 타나토스, 그 준비의 시간이 너무 길다"
351,56,아수라,허남웅,3.5,죽음도 불사하는 불나방의 기세로 끝까지 간다
352,56,아수라,황진미,3.5,희망도 출구도 없는 ‘피로사회’의 지옥도
353,57,라라랜드,박평식,3.5,고전의 향기가 회오리로
354,57,라라랜드,한동원,4.5,우리가 영화와 사랑에 빠지는 거의 모든 이유가 이 영화 속에 있다
355,57,라라랜드,김소희,3.5,경적 소리도 음악이 되는 데이미언 셔젤의 달콤 씁쓰레한 도시
356,57,라라랜드,허남웅,4.5,영화로 춤을 추고 음악을 연주하는 경지
357,57,라라랜드,김혜리,3.5,스스로 음악이 되기 위해 발끝을 휘날리는 영화
358,57,라라랜드,이용철,4.5,Give My Regards to Hollywood
359,57,라라랜드,이예지,4.0,"시적 운율과 리듬, 우리가 삶에 부여할 수 있는 가장 낭만적인 연속성"
360,58,마이펫의 이중생활,이용철,4.0,이건 거의 <뜨거운 것이 좋아>의 애니 버전
361,59,배트맨 대 슈퍼맨: 저스티스의 시작,박평식,2.0,곱빼기 먹고 설사하는 기분
362,59,배트맨 대 슈퍼맨: 저스티스의 시작,이용철,3.5,어쩌다 우리에 대한 근심을 멈추고 우리를 구해야 할 녀석들을 우려하게 되었나
363,59,배트맨 대 슈퍼맨: 저스티스의 시작,장영엽,3.5,"마블과는 다른, 새로운 세계의 빅뱅. 일단은 환영해보자"
364,59,배트맨 대 슈퍼맨: 저스티스의 시작,송경원,3.0,"마이클 베이를 닮아가는 잭 스나이더, 이 참을 수 없는 피로"
365,59,배트맨 대 슈퍼맨: 저스티스의 시작,김현수,3.5,밤의 두 도시에서 펼쳐지는 싸움이 유치하지는 않다. 그저 길뿐
366,59,배트맨 대 슈퍼맨: 저스티스의 시작,허남웅,3.5,DC 형제(?)의 아빠 없는 하늘 아래 엄마 찾아 삼만리
367,59,배트맨 대 슈퍼맨: 저스티스의 시작,김혜리,2.0,추구하는 톤은 있으나 도달할 방법을 모를 때 생기는 난맥상
368,59,배트맨 대 슈퍼맨: 저스티스의 시작,이동진,2.5,이토록 값비싸고 희한한 사모곡
369,59,배트맨 대 슈퍼맨: 저스티스의 시작,한동원,2.5,결국 지구를 구한 것은 배트맨도 슈퍼맨도 아닌 작명철학
370,59,배트맨 대 슈퍼맨: 저스티스의 시작,김성훈,2.5,둘이 왜 싸워야 하는지 잘 모르겠다
371,60,굿바이 싱글,한동원,3.5,임신 스캔들이 빚어낸 훈훈한 가족의 탄생
372,60,굿바이 싱글,박평식,2.0,경박하면서 진지하려니
373,60,굿바이 싱글,이용철,2.5,스캔들이란 게 헛발질이기 마련
374,60,굿바이 싱글,김성훈,3.0,아슬아슬한 임신 스캔들
375,60,굿바이 싱글,허남웅,3.0,김혜수의 시간은 거꾸로 흘러간다
376,60,굿바이 싱글,황진미,3.5,미혼모에서 대안가족까지 호쾌한 여성 연대
377,61,택시운전사,김혜리,2.5,강력한 배우를 가진 영화가 안이해질 때. 큰 울음이 최선의 애도라 믿을 때
378,61,택시운전사,이용철,3.5,격류에 휩쓸렸을 때는 몸을 맡기면 된다
379,61,택시운전사,황진미,3.0,어리둥절한 외부인의 시선 이상의 것이 나올 때가 되지 않았나
380,61,택시운전사,김현수,3.0,비극의 역사 표지판에 놀라 서행 운전하다
381,61,택시운전사,허남웅,3.0,감동과 눈물 그 이상을 기대했다. 특히 이 조합에서는.
382,61,택시운전사,임수연,2.5,지나친 전형성이 실화의 힘까지 잡아먹는다
383,62,신과 함께-죄와 벌,박평식,2.0,액션과 청승의 중국화
384,62,신과 함께-죄와 벌,황진미,3.0,동양적 판타지 장르를 열었다는 의미. 문제의식과 긴장감은 낮다
385,62,신과 함께-죄와 벌,장영엽,3.0,"낯선 풍경, 익숙한 이야기"
386,62,신과 함께-죄와 벌,이주현,3.0,교통정리는 아쉽지만 어쨌든 너도 울고 나도 울고
387,62,신과 함께-죄와 벌,김성훈,3.5,백만스물둘… 대체 내가 지은 죄가 몇개야
388,62,신과 함께-죄와 벌,허남웅,2.5,효심은 염라대왕도 춤추게 한다
389,62,신과 함께-죄와 벌,이용철,3.0,착하게 살아야 한다
390,62,신과 함께-죄와 벌,이화정,3.0,판타지 장르에 무리 없이 담아낸 한국적 신파
391,63,공조,박평식,2.0,허풍과 억지의 찰떡 공조
392,63,공조,한동원,3.0,<의형제>의 구도를 빌린 <리쎌웨폰>의 와중에 살짝 <영웅본색>
393,63,공조,황진미,2.0,"코미디와 액션이 서로의 발목을 잡는, 망한 공조"
394,63,공조,장영엽,2.0,액션은 좋다만… 코미디와 드라마가 아쉽다
395,63,공조,김성훈,2.0,맥 빠지고 올드한 남북 공조
396,63,공조,김현수,2.5,"이야기, 캐릭터, 액션의 부조화"
397,63,공조,허남웅,2.0,액션과 코믹과 감동의 어쭙잖은 공모
398,63,공조,이용철,3.0,훈훈하게 웃었으니 제 몫은 한 건가
399,64,스파이더맨: 홈커밍,김혜리,3.0,‘버드맨’과 어벤져스 인턴의 역습
400,64,스파이더맨: 홈커밍,박평식,3.5,족보 챙겨 어벤져스로 씽씽
401,64,스파이더맨: 홈커밍,송경원,3.5,"되살아날 때마다 어려지고 영리해지는 할리우드 프랜차이즈의 마법, 혹은 집념"
402,64,스파이더맨: 홈커밍,김현수,3.5,어벤져스 입사 시험에 합격한 스파이더맨
403,64,스파이더맨: 홈커밍,허남웅,3.5,마블의 품 안에서 티 없이 맑게 무럭무럭 자라다오
404,64,스파이더맨: 홈커밍,임수연,3.5,자꾸 심각해지는 MCU에 시큰둥해질 때쯤 기분 좋게 ‘홈커밍’한 원조 간판
405,64,스파이더맨: 홈커밍,장영엽,4.0,밀레니얼 세대의 히어로에 대한 흥미로운 재해석
406,65,범죄도시,이용철,3.0,이 정도면 슈퍼히어로영화라 불러야
407,65,범죄도시,황진미,3.0,형사물이라기보다 마동석 캐릭터의 슈퍼히어로물
408,66,군함도,김혜리,3.0,더 많은 얼굴을 ‘액션’의 중심에 두려는 숨찬 야심. 류승완의 전쟁영화
409,66,군함도,박평식,3.0,촬영과 미술만 평가하겠다
410,66,군함도,황진미,3.5,억눌린 이들에게 탈출은 가장 적극적인 저항이다
411,66,군함도,장영엽,3.5,"압도적인 부분, 아쉬운 전체"
412,66,군함도,이주현,3.0,역사의 비극을 스펙터클로 전시할 때의 불편함이 턱 걸린다
413,66,군함도,허남웅,3.0,군함도 배경만 눈에 들어온다
414,66,군함도,이용철,3.5,"나의 길을 가겠다던 류승완, 생존의 일기로 한점을 찍었다"
415,66,군함도,정지혜,2.5,찰기 잃은 구태들. 가장 이해할 수 없는 건 ‘소희’들을 보여주는 방식
416,66,군함도,김현수,3.0,탈출의 ‘규모’보다 ‘과정’에 주목했더라면
417,67,청년경찰,박평식,2.0,인간과 시대에 대한 무례와 무지
418,67,청년경찰,이용철,3.0,너무 훈훈하잖아
419,67,청년경찰,이화정,2.5,소수자를 향한 시선의 부재
420,67,청년경찰,장영엽,2.5,열정과 뚝심만으로 해결되지 않는 문제도 있다
421,67,청년경찰,정지혜,2.0,청년의 패기를 시험하겠다며 제발 여성들을 두번 죽이지 말라
422,67,청년경찰,허남웅,2.5,이런 ‘덤 앤 더머’에게 미래의 안전을 맡기고 싶지 않다
423,67,청년경찰,임수연,2.5,여성 관객의 욕망을 너무 쉽게 본다
424,68,더 킹,박평식,2.5,목청껏 설명하며 한사코 흥분하니
425,68,더 킹,이화정,4.0,‘후진’ 한국 현대사의 세련된 반추
426,68,더 킹,이주현,2.5,현대사는 보이는데 영화는 보이지 않는다
427,68,더 킹,김성훈,3.5,대한민국판 왕좌의 게임
428,68,더 킹,김현수,4.0,‘에라 모르겠다’ 스타일로 꼭대기를 정조준
429,68,더 킹,허남웅,3.5,친절한 야심작
430,68,더 킹,이용철,2.5,"84학번이 보기에 요란하고 피곤한, 85학번의 회고담"
431,68,더 킹,황진미,4.0,통렬하게 장대하게. 문학이 했던 일을 영화가 하고 있다는 증거
432,68,더 킹,이예지,3.5,한재림 감독이 제시하는 제왕의 도
433,69,미녀와 야수,이용철,3.5,"매혹적인 마법, 그러나 진취적 여성 운운은 오버다"
434,69,미녀와 야수,김현수,4.0,최고의 실사화 상 수상작
435,69,미녀와 야수,김수빈,3.5,2D의 감성까지 옮길 수 없단 걸 감안하면 최선의 리메이크
436,69,미녀와 야수,허남웅,3.0,디즈니는 워킹 타이틀의 세계관을 꿈꾸는가
437,70,킹스맨: 골든 서클,박평식,3.0,무리수와 잔재미가 절반씩
438,70,킹스맨: 골든 서클,이용철,2.5,형만 한 아우 없다더니 
439,70,킹스맨: 골든 서클,장영엽,2.5,"매너는 줄이고, 선정성은 늘리고"
440,70,킹스맨: 골든 서클,김현수,2.0,이 수준이면 ‘킹스맨’ 채용 비리 아닌가 
441,70,킹스맨: 골든 서클,허남웅,2.5,아귀가 맞지 않은 부품들을 우악스럽게 끼워 맞춘 조립식처럼
442,70,킹스맨: 골든 서클,임수연,2.0,전편의 단점만 극대화됐다
443,71,토르: 라그나로크,박평식,3.0,유머라는 망치
444,71,토르: 라그나로크,이용철,3.0,재미로는 상급이다
445,71,토르: 라그나로크,장영엽,3.0,<가디언즈 오브 갤럭시>풍의 토르
446,71,토르: 라그나로크,허남웅,3.0,아스가르드의 토르-벤져스
447,71,토르: 라그나로크,임수연,3.0,80년대 레트로 스타일을 주입한 <토르> 시리즈의 셀프 패러디
448,72,강철비,박평식,3.5,너무 나갔지만 대담하고 섬세하다
449,72,강철비,황진미,4.0,남북한 문제를 다룬 영화의 최대치. 균형과 밀도가 돋보인다
450,72,강철비,이화정,4.0,정우성이 있어 만들 수 있는 장르. 정우성의 지금!
451,72,강철비,이주현,3.5,투박하긴 해도 과감한 상상력이 빛난다
452,72,강철비,김성훈,4.0,남북 소재 영화 중에서 가장 도발적인 상상
453,72,강철비,김현수,3.5,한국형 정치 (액션) 스릴러의 가능성
454,72,강철비,허남웅,3.0,‘강철’의 차가운 설정을 ‘비’의 감수성으로 마무리
455,72,강철비,이용철,4.0,"Brothers in Arms, Infinite Sadness"
456,73,꾼,김성훈,2.0,판만 키운 뒤 헛발질
457,73,꾼,박평식,2.0,곁눈질로 채운 야바위판
458,73,꾼,송경원,2.5,과속방지턱 같은 자잘한 반전 끝에 도달한 순진한 상상
459,74,남한산성,박평식,3.0,전시작전권을 환수해야 할 이유
460,74,남한산성,한동원,3.5,"어둠의 역사가 남긴 것들, 역사의 어둠에서 거둘 것들"
461,74,남한산성,이화정,4.0,"말과 말이 부딪혀 만들어내는, 대사의 스펙터클"
462,74,남한산성,김성훈,4.0,눈 한번 마주치지 않는 ‘썰전’ 
463,74,남한산성,허남웅,4.0,수많은 선택과 그 이상의 고민이 모여 완성된 결과. 그게 역사
464,75,미이라,박평식,2.0,스토리도 캐릭터도 생매장감
465,75,미이라,이용철,3.0,번들거리는 여타 유니버스보다 차라리 신선할 듯
466,75,미이라,김현수,3.5,톰 크루즈의 새 호러 시리즈 첫편 같다
467,75,미이라,허남웅,3.0,"다크 유니버스의 저주의 봉인이 풀렸다, 뭐 그 정도"
468,75,미이라,임수연,2.5,비효율적으로 만든 블록버스터
469,76,분노의 질주: 더 익스트림,박평식,3.0,묻지도 따지지도 말고 쫓아오란다
470,76,분노의 질주: 더 익스트림,이용철,3.0,날렵한 맛을 되찾으려면 몸집을 좀 빼야
471,76,분노의 질주: 더 익스트림,송경원,3.0,로망에서 시작해서 물량으로 마무리. 이 정도면 거의 소년만화
472,76,분노의 질주: 더 익스트림,김현수,2.5,초심에서 너무 멀리 질주해버렸다
473,77,너의 이름은.,김혜리,4.0,시공을 초월한 대화에 대한 신카이 마코토의 천착이 피워낸 하나비
474,77,너의 이름은.,박평식,3.5,"신카이 마코토, 일본 애니의 축복!"
475,77,너의 이름은.,이용철,3.5,결국 기억해야 하는 건 아이(들)의 이름이다
476,77,너의 이름은.,한동원,3.5,귀엽고 투명하고 아름답고 애틋하다가 장황해지는 이 안타까움
477,77,너의 이름은.,허남웅,3.5,"그의 이름을 불렀을 때, 나에게로 와 꽃, 아니 빛이 되었다"
478,77,너의 이름은.,황진미,3.5,"아련하고 신비롭게, 상실과 재난을 기억하려는 안간힘"
479,78,아이 캔 스피크,박평식,3.0,<스카우트>처럼 무겁지만 경쾌하게
480,78,아이 캔 스피크,이용철,4.0,이제 김현석을 재평가할 때가 되지 않았나
481,78,아이 캔 스피크,이주현,3.5,지금 한국영화계에 꼭 필요한 영화
482,78,아이 캔 스피크,김현수,4.0,이제훈과 나문희와 김현석이 돌아왔다
483,79,캐리비안의 해적: 죽은 자는 말이 없다,박평식,2.0,바다는 넓고 할 말은 많다 
484,79,캐리비안의 해적: 죽은 자는 말이 없다,송경원,3.0,"캐리비안 파크 재개장, 새로운 놀이기구는 없지만"
485,79,캐리비안의 해적: 죽은 자는 말이 없다,김수빈,2.5,박수칠 때 떠나지 못한 해적들
486,79,캐리비안의 해적: 죽은 자는 말이 없다,허남웅,2.5,세기의 대결인 줄 알았더니 이산가족 찾기
487,80,덩케르크,이화정,4.5,전쟁의 시공간을 불러오다. 오직 놀란의 도전이자 경지
488,80,덩케르크,김혜리,4.5,전쟁의 시간과 운동으로 시네마가 건축한 기념비. 놀란의 최고작
489,80,덩케르크,박평식,3.5,가치 > 의미 > 재미
490,80,덩케르크,황진미,4.0,승리가 아닌 탈출과 생존의 서사로 전쟁을 재현하는 숭고함
491,80,덩케르크,이주현,4.5,가장 단순한 재료로 가장 혁신적인 것을 보여주다
492,80,덩케르크,송경원,4.0,"놀란의 자신감, 영화라는 거대한 체험을 창조하다 "
493,80,덩케르크,정지혜,4.5,비선형적 시공을 넘나들며 끔찍한 덩어리로 다가오는 전쟁 공포의 영화적 원체험
494,80,덩케르크,허남웅,4.5,극장에서 영화를 관람해야 하는 절대적인 이유
495,81,슈퍼배드 3,송경원,2.5,유니콘을 원했는데 염소를 주다니! 아그네스 같은 순수한 아이들은 만족할지 몰라도 
496,81,슈퍼배드 3,이용철,2.5,이 시리즈도 이제 관성에 의해 움직이는구나
497,82,프리즌,박평식,2.0,읍내 자해공갈단 스타일
498,82,프리즌,이용철,3.5,"감옥풍운, 자유 대신 권력을 택하다"
499,82,프리즌,한동원,4.0,장르 뒤집기 한판승
500,82,프리즌,황진미,3.0,"사회공학적 고찰은 쓸 만하나, 여러모로 어중간하다"
501,82,프리즌,김현수,3.0,빈틈없이 꽉 찬 장르 뷔페
502,82,프리즌,허남웅,2.5,"어느 때라고, 남자 어른들이 ‘후까시’ 잡으며 영역 싸움을 한다"
503,83,가디언즈 오브 갤럭시 VOL. 2,박평식,2.5,개그 남발에 가족애 강박
504,83,가디언즈 오브 갤럭시 VOL. 2,이용철,2.5,"영화와 노래, 둘 다 활력을 잃어버렸다"
505,83,가디언즈 오브 갤럭시 VOL. 2,이주현,3.0,새삼 1편의 유머와 음악이 얼마나 대단했는지 깨닫게 된다
506,83,가디언즈 오브 갤럭시 VOL. 2,김혜리,3.5,혈연 지옥과 맞서 싸우다 겸사겸사 은하계도 구하다
507,83,가디언즈 오브 갤럭시 VOL. 2,한동원,3.0,여전히 진부하고 여전히 귀엽다
508,83,가디언즈 오브 갤럭시 VOL. 2,장영엽,3.0,근작 중 가장 PC하지 못한 디즈니 영화
509,84,트랜스포머: 최후의 기사,박평식,1.0,고철 땡처리
510,84,트랜스포머: 최후의 기사,이용철,0.5,"넌, 아직도 이 시리즈의 별점이 궁금하니?"
511,84,트랜스포머: 최후의 기사,이화정,2.0,어느 장면을 놓쳐도 말이 된다
512,84,트랜스포머: 최후의 기사,허남웅,2.0,또 다른 의미에서 무아지경
513,85,살인자의 기억법,김혜리,2.5,"원작이 피하려던 종착지로 달리는, 살인과 기억의 미진한 연구"
514,85,살인자의 기억법,박평식,2.5,엉뚱하고 어색하게 뒤엉키다
515,85,살인자의 기억법,이용철,3.0,삶 맞은편의 죽음이 그렇게 강렬하지 않다
516,85,살인자의 기억법,장영엽,3.0,습관이란 게 무서운 거더군
517,85,살인자의 기억법,황진미,3.0,"원작의 모호함을 장르와 맞바꾸었지만, 설경구 연기는 최고! "
518,86,보안관,이용철,3.0,"아재들, 살아 있네"
519,86,보안관,장영엽,2.5,당신의 아재력을 시험해보고 싶다면
520,86,보안관,김성훈,3.5, <영웅본색>을 장착한 기장발 사기 대소동
521,86,보안관,김현수,3.0,홍콩 대신 기장에서 ‘아재본색’
522,86,보안관,허남웅,3.0,아재들의 ‘응답하라 <영웅본색>’
523,86,보안관,박평식,2.5,허풍에 곁들인 잔재미
524,86,보안관,황진미,3.0,"남성성과 지역성, 혹은 수컷과 영역다툼에 대한 고찰이랄까"
525,87,조작된 도시,이용철,2.0,지쳐 쓰러지는데 영화 혼자 달린다
526,87,조작된 도시,이주현,2.5,과하게 조작하고 뻔하게 해소한다
527,87,조작된 도시,정지혜,2.5,게임화된 영화라는 시도. 감독의 ‘마법’이 통할지는…
528,87,조작된 도시,이예지,2.5,흥을 주체하지 못하고 개연성을 깜빡
529,87,조작된 도시,허남웅,2.0,초기 한국형 블록버스터의 감수성과 상상력의 재림
530,87,조작된 도시,한동원,2.5,"새로운 시도, 화려한 비주얼, 때늦은 감수성"
531,87,조작된 도시,황진미,3.5,"최고의 오락, 최고의 쾌감. 이보다 더 영화적일 수는 없다"
532,88,재심,박평식,2.5,"의미는 뾰족, 감흥은 뭉툭"
533,88,재심,이주현,3.5,법은 알고 정의는 모르는 사람들이 꼭 좀 보길
534,88,재심,정지혜,3.0,자극의 시대로부터는 비껴섰으나 긴장마저 걷어낸
535,89,보스 베이비,이용철,2.5,귀여움과 징그러움의 공존
536,89,보스 베이비,이주현,2.5,전복적 상상이 피곤한 요란법석으로 끝나버린다
537,89,보스 베이비,김수빈,2.5,헤엄치기엔 너무 얕은 드림웍스의 바다
538,89,보스 베이비,허남웅,3.0,어디로 튈지 모르는 아이들 눈높이의 상상력을 보는 재미
539,90,박열,한동원,3.5,우리의 정신적 발기부전을 냅다 걷어차는 ‘개새끼’
540,90,박열,정지혜,3.0,"아나키즘에 빠진 영화를 구출한 건 그 누구도 아닌 후미코, 후미코!"
541,90,박열,임수연,3.0,얌전한 사람들이 힙합을 하는 모습을 지켜보는 느낌
542,90,박열,이용철,3.0,"인물 소개용, 딱 그 정도"
543,90,박열,황진미,4.0,보라! 이토록 강하고 아름다운 사람들을.
544,90,박열,송경원,3.0,정면을 응시하는 성실한 시선
545,90,박열,허남웅,4.0,이준익 감독의 시대극에는 뭔가 특별한 것이 있다
546,91,신과 함께-인과 연,김성훈,4.0,용서를 구하기가 얼마나 어려운 일인가
547,91,신과 함께-인과 연,김소미,3.0,지옥을 뛰어다니는 공룡처럼 현란하고 덧없다
548,91,신과 함께-인과 연,김현수,3.0,"저승에선 환생을, 이승에선 천만을"
549,91,신과 함께-인과 연,송형국,3.0,거창한 구원보다 단 한 사람의 인간다운 삶을 기원하는 태도
550,91,신과 함께-인과 연,이주현,3.5,잘하는 것과 하고 싶은 것이 맞아떨어졌을 때 
551,91,신과 함께-인과 연,임수연,2.5,덱스터스튜디오의 VFX 기술 포트폴리오
552,91,신과 함께-인과 연,허남웅,3.0,뿌리 없는 이미지 위에서 뿌리 찾는 서사의 아이러니
553,91,신과 함께-인과 연,이화정,3.0,기술의 전시가 스토리를 추월
554,92,어벤져스: 인피니티 워,박평식,3.5,포식에 폭식 그리고 갈증
555,92,어벤져스: 인피니티 워,이용철,4.0,마블의 첫 번째 작품
556,92,어벤져스: 인피니티 워,이주현,4.0,정교하고 웅장한 빅 픽처
557,92,어벤져스: 인피니티 워,김현수,3.5,"20세기엔 릴리스, 21세기엔 타노스"
558,92,어벤져스: 인피니티 워,허남웅,3.0,10년의 집대성 겸 판 갈아엎기
559,92,어벤져스: 인피니티 워,임수연,3.0,"스펙터클 폭격 사이사이에, 웬 한국 드라마의 향기가…"
560,93,보헤미안 랩소디,이용철,3.5,"싱어이기에 가능했을, 머큐리와 그의 시간에 바치는 아름다운 헌사"
561,93,보헤미안 랩소디,장영엽,3.0,"히트곡이 이렇게 많았나 새삼 깨닫게 되는, 후반부 메들리에 주목"
562,93,보헤미안 랩소디,송형국,3.0,‘퀸 포에버 정신’에 동기화 성공
563,93,보헤미안 랩소디,허남웅,3.0,Queen is the champion of the world
564,93,보헤미안 랩소디,임수연,3.0,"부적응자도, 소수자도, 모두가 “We are the champions”"
565,93,보헤미안 랩소디,이화정,3.0,퀸의 혼이 깨어났다
566,94,미션 임파서블: 폴아웃,박평식,3.5,"대담하다, 동종업계 최상의 서비스"
567,94,미션 임파서블: 폴아웃,이용철,3.5,뛰어난 시리즈란 이런 것이다
568,94,미션 임파서블: 폴아웃,장영엽,4.0,"서스펜스, 액션, 감정선. 그 어느 것 하나 놓치지 않는다"
569,94,미션 임파서블: 폴아웃,송형국,3.0,여성 캐릭터가 자리를 찾은 시리즈의 일단락
570,94,미션 임파서블: 폴아웃,허남웅,4.0,"연기도, 촬영도, 이야기도 모두 스턴트한다"
571,94,미션 임파서블: 폴아웃,김혜리,4.0,"톰 크루즈, “누가 슈퍼맨이라고?” "
572,94,미션 임파서블: 폴아웃,이화정,4.0,그 누구도 아닌 톰 크루즈 자신이 부여하고 완수하는 미션
573,95,쥬라기 월드: 폴른 킹덤,김혜리,3.5,오리지널의 스릴과 공룡에 대한 매혹을 다시 불러내려는 시도
574,95,쥬라기 월드: 폴른 킹덤,이용철,3.0,공원이 월드가 되는 과정편 
575,95,쥬라기 월드: 폴른 킹덤,송형국,2.5,웰컴 투 서프라이즈 월드
576,95,쥬라기 월드: 폴른 킹덤,허남웅,3.5,쥬라기 월드 ‘와이드’ 공원을 위한 포석?
577,95,쥬라기 월드: 폴른 킹덤,임수연,3.5,공룡님들이 인간을 멸종시켜줬으면 좋겠다 
578,95,쥬라기 월드: 폴른 킹덤,박지훈,3.5,흥미로운 오마주
579,96,앤트맨과 와스프,박평식,3.0,악당은 시원찮지만 꽤 웃긴다
580,96,앤트맨과 와스프,김현수,3.0,사이즈를 키웠더니 갈등이 줄었어요
581,96,앤트맨과 와스프,임수연,3.5,"무게감에 대한 강박을 버리니, 오히려 더 좋잖아"
582,97,안시성,박평식,2.5,공들여 찍은 전투는 돋보인다만
583,97,안시성,이용철,3.5,자세가 좋아서 타율도 좋은 타자
584,97,안시성,이화정,3.5,스펙터클한 전투의 재현과 그걸 놓치지 않는 카메라의 리듬
585,97,안시성,장영엽,3.5,호쾌하고 역동적인 화면으로 재구성한 승리의 역사
586,97,안시성,송형국,3.5,"액션 연출은 완승, 여성 캐릭터 활용은 완패"
587,97,안시성,허남웅,2.5,고구려부심이 쩐다
588,97,안시성,임수연,3.0,액션의 규모로 끝장을 보려는 야심(에 휩쓸려간 드라마…) 
589,98,블랙 팬서,박평식,3.0,캐릭터와 메시지는 흑진주처럼
590,98,블랙 팬서,이용철,2.5,올바른 척해봐야 영악함만 보이는걸
591,98,블랙 팬서,장영엽,3.0,<라이온 킹>에 말콤 X 스토리를 더하면 
592,98,블랙 팬서,이주현,3.5,"트럼프, 보고 있나?"
593,98,블랙 팬서,김현수,4.0,비브라늄보다 강력한 역사와 문화를 지닌 흑인 히어로
594,98,블랙 팬서,허남웅,3.5,슈퍼히어로물에서 백인 남성이 들러리 서는 것의 의미
595,98,블랙 팬서,임수연,3.5,흑인 문제에 대한 ‘디즈니적’ 해결책
596,98,블랙 팬서,김혜리,4.0,"유의미한 질문과 독창적 스타일을 갖춘, 마블 내 소우주 탄생"
597,99,완벽한 타인,이용철,3.5,비밀 때문에 타인이 되는 건 아니다
598,99,완벽한 타인,송형국,3.0,고밀도 시사 코미디
599,99,완벽한 타인,김현수,3.0,어른의 사정이라 변명하듯
600,99,완벽한 타인,허남웅,3.5,비밀로 부풀어오른 관계의 풍선이 터졌을 때
601,99,완벽한 타인,김소미,3.0,강력한 컨셉과 들뜸 없는 앙상블
602,100,독전,임수연,2.5,익숙한 남성들의 유대. 김주혁의 연기는 빛난다.
603,100,독전,박평식,2.0,상투성과 허세의 자매결연
604,100,독전,이용철,2.0,스타일이 좋은 것과 그것만 있는 것의 차이
605,100,독전,송형국,3.0,악어와 악어새가 사생결단내고 끝까지 간다 
606,100,독전,김현수,3.5,‘한국형’이 되기 싫은 ‘형’(兄) 누아르
607,101,공작,임수연,3.5,스파이 장르보다는 ‘빨갱이’ 이용하던 정치판 회고로서 재미있다
608,101,공작,김소미,3.5,"추운 나라가 아닌, 한반도 스파이만의 감수성"
609,101,공작,김혜리,3.5,차분히 설명하는 첩보 드라마 
610,101,공작,박평식,3.0,"울퉁불퉁한 정치, 첩보 스릴러"
611,101,공작,이용철,3.5,"짐작만 했지 접근하지 못한 역사, 알게 돼 우선 고마운 마음"
612,101,공작,이화정,3.5,현실에 눌린 첩보물의 쾌감
613,101,공작,장영엽,3.5,"북으로 간 스파이, 그의 진정한 적은 누구인가"
614,101,공작,김성훈,4.0,접근과 의심의 팽팽한 줄다리기
615,101,공작,김현수,3.5,"초코파이는 눈물을, 롤렉스는 웃음을"
616,101,공작,허남웅,3.5,이번에는 그 두손을 맞잡을 수 있을 것인가 
617,102,데드풀 2,이용철,2.0,2시간의 욕지거리가 즐거우면 그게 정상인가
618,102,데드풀 2,이주현,3.5,일류가 되지 않아도 괜찮은 슈퍼히어로의 작당
619,102,데드풀 2,김현수,2.5,양쪽을 오가다 보면 결국 제자리
620,102,데드풀 2,허남웅,3.5,‘똥꼬’ 발랄한 가족의 탄생
621,103,베놈,허남웅,2.5,나쁜놈이 나쁜 짓을 하지 못하는 이런 '베놈'같은 유니버스
622,103,베놈,박평식,2.0,남의 설렁탕에 깍두기 국물 붓는 꼴
623,103,베놈,장영엽,2.5,생각보다 얌전한 빌런 히어로
624,103,베놈,송형국,2.0,게으른 탄생
625,104,암수살인,김성훈,4.5,성실하고 집요하며 정직한 형사영화
626,104,암수살인,송경원,4.0,무기교의 기교. ‘왜’를 제대로 짚으니 ‘무엇을’과 ‘어떻게’가 저절로 따라온다
627,104,암수살인,임수연,4.0,<추격자>를 생각했는데 막상 보니 <조디악>에 가까운
628,104,암수살인,이용철,4.0,사건보다 인간을 바라보고 인간을 찾는다. 그래서 감동적이다
629,105,국가부도의 날,임수연,3.5,비주류 경제학계의 주장과 (충무로에서는) 신선한 기획의 만남. 아귀가 맞다
630,105,국가부도의 날,박평식,2.5,재연에서 계몽으로
631,105,국가부도의 날,이용철,3.0,그 난리를 치르고도 집값을 수십배 올린 것들이 영화를 본들
632,105,국가부도의 날,이화정,3.5,"지난 21년을 반추하게 하는, 김혜수의 스피치 명장면"
633,105,국가부도의 날,장영엽,3.5,‘헬조선’의 기원을 탐구하는 경제 스릴러
634,105,국가부도의 날,김현수,3.5,시스템 복구의 기본 자세를 묻는다
635,105,국가부도의 날,허남웅,3.5,"과거의 미래는 결과로의 현재, 라고는 해도 다시 한번 당할쏘냐"
636,106,아쿠아맨,장영엽,4.0,"가장 DC답지 않은 방식으로 만든, 가장 매력적인 DC 영화"
637,106,아쿠아맨,허남웅,3.5,수조 밖으로 각종 크리처와 사연과 갈등이 흘러넘친다
638,106,아쿠아맨,임수연,3.5,"<인디아나 존스>부터 <고질라>까지, 다양하게도 모아둔 거대 테마파크"
639,107,코코,박평식,4.0,"따뜻해, 삶을 껴안고 다독이는 죽음"
640,107,코코,이주현,4.0,디즈니·픽사가 선보이는 화려함과 온기의 극대치
641,107,코코,송경원,4.0,디즈니·픽사의 새로운 황금률. 기억할게!
642,107,코코,허남웅,4.0,픽사라서 가능한 삶과 죽음이 하나되는 대축제
643,108,그것만이 내 세상,박평식,2.5,‘쌍팔년도’ 기획이 먹히는 세상
644,108,그것만이 내 세상,이용철,2.5,공주에게 구원받는 남자 신데렐라 이야기
645,108,그것만이 내 세상,허남웅,2.5,"신파, 그것만은… "
646,109,마녀,박평식,3.0,차용에서 활용으로
647,109,마녀,이용철,3.0,"액션은 CG와 편집으로, 스토리는 입으로"
648,109,마녀,장영엽,3.0,조금 더 불친절해도 좋았을 텐데
649,109,마녀,김현수,2.5,숨기기 급급해서 등장 타이밍을 놓친 마녀의 존재감
650,109,마녀,허남웅,2.5,기묘(할 정도로 기묘하지 아니)한 이야기
651,109,마녀,임수연,3.0,기시감의 연속. 김다미의 발굴에는 박수를
652,110,탐정: 리턴즈,김소미,2.5,의미의 강박 없이 말초적인 웃음으로 밀어붙이는 힘
653,111,서치,김혜리,3.5,업그레이드된 데스크톱 영화. 버퍼링 없는 플롯과 감정의 선
654,111,서치,이용철,3.0,노력은 가상하나 사실 인디 진영에서 이미 시도된 것들의 조합
655,111,서치,이화정,3.5,SNS 시대의 <다이하드>식 액션
656,111,서치,임수연,4.0,영화예술 재료의 업데이트(와 그를 다루는 테크닉의 진화)
657,111,서치,장영엽,4.0,인간의 감성을 이식받은 테크-스릴러
658,111,서치,허남웅,4.0,바뀐 생활 방식에 눈을 맞춘 예술 매체의 형식
659,112,인크레더블 2,박평식,3.5,긴 숙성에 튼실하고 친숙해진
660,112,인크레더블 2,송경원,4.0,1편 못지않다. 시대를 읽을 줄 안다. 기다린 보람이 있다
661,112,인크레더블 2,이용철,3.5,최고는 잭잭 vs 너구리 대전
662,112,인크레더블 2,임수연,4.0,마블보다 (훨씬) 재미있고 시대 변화에 부응한다
663,112,인크레더블 2,김혜리,3.0,1.5배속으로 즐길 거리를 늘어놓으며 양으로 승부한다
664,113,너의 결혼식,박평식,2.5,닳았어도 어여쁘니
665,113,너의 결혼식,김현수,3.5,첫사랑은 잠시뿐인걸 
666,113,너의 결혼식,임수연,3.5,첫사랑=썅X 구도와 자기 연민을 극복한 남자의 성장담
667,113,너의 결혼식,김성훈,3.5,이렇게 정신 차리는 남자가 몇이나 될까
668,114,목격자,박평식,2.0,산행을 위하여
669,114,목격자,이용철,2.0,"장르는 아파트랩소디, 주제는 아파트레퀴엠"
670,114,목격자,이화정,3.0,아파트 배경의 집단 이기주의 테스트. 흥미로운 시도
671,114,목격자,김성훈,3.0,"아파트와 살인마, 누가 누가 더 무섭나"
672,114,목격자,허남웅,2.5,"내가 목격한 건 사건인가, 재난인가?"
673,114,목격자,임수연,3.0,‘방관자 효과’에 집중한 뚝심. 약자를 그리는 태도의 아쉬움
674,115,곤지암,김현수,3.5,한 많은 사연 없어도 충분히 무섭다
675,115,곤지암,허남웅,3.0,가지 말라면 가지 마 쫌!
676,116,신비한 동물들과 그린델왈드의 범죄,박평식,2.5,곁다리에 들러리 마법
677,116,신비한 동물들과 그린델왈드의 범죄,이주현,3.0,여전히 예열 중. 언제 끓는점에 도달하려나
678,116,신비한 동물들과 그린델왈드의 범죄,김현수,2.5,덤블도어와 그린델왈드가 당장 만나면 될 일을
679,116,신비한 동물들과 그린델왈드의 범죄,허남웅,2.5,그렇다고 안 볼 수도 없고…
680,116,신비한 동물들과 그린델왈드의 범죄,임수연,2.5,시나리오작가 조앤 K. 롤링을 불신한다
681,116,신비한 동물들과 그린델왈드의 범죄,김혜리,2.5,롤링이 공동각본가 영입을 진지하게 고려할 때
682,117,지금 만나러 갑니다,장영엽,2.5,"멜로는 up, 유머는 down"
683,117,지금 만나러 갑니다,박지훈,2.5,길어지고 산만해진 리메이크
684,118,레디 플레이어 원,박평식,3.0,큐브릭 감독이 끄덕끄덕 
685,118,레디 플레이어 원,이용철,4.0,밥보다 영화가 좋은 사람에겐 기적과 같은 작품
686,118,레디 플레이어 원,장영엽,4.5,"20세기 대중문화의 위대한 유산 열전, 그중 최고는 단연 스필버그"
687,118,레디 플레이어 원,김현수,5.0,스필버그 포에버
688,118,레디 플레이어 원,허남웅,4.0,대중문화가 세상을 지킨다 
689,118,레디 플레이어 원,임수연,4.5,근래의 ‘추억팔이’ 콘텐츠를 할 말 없게 만드는 걸작의 탄생
690,118,레디 플레이어 원,김혜리,4.5,시대와 기술을 흡수하며 확장하는 스필버그라는 영화 OS
691,119,조선명탐정: 흡혈괴마의 비밀,박평식,2.0,시리즈의 고려장
692,119,조선명탐정: 흡혈괴마의 비밀,송경원,3.0,기왕 이렇게 된 거 탐정은 포기하고 판타지 아스트랄 개그로 간다
693,119,조선명탐정: 흡혈괴마의 비밀,허남웅,2.5,"추리는 거들 뿐, 예상처럼 웃기고 울린다"
694,120,맘마미아!2,김소미,3.0,이 엉성함이야말로 기분좋은 주크박스 뮤지컬의 필수 조건
695,121,극한직업,이용철,2.5,반은 웃었다만 그다음은? 
696,121,극한직업,김성훈,3.5,설정은 비현실적이되 설득은 리얼리티를 추구하는 웃음
697,121,극한직업,송형국,3.5,"웃음을 향한 장인정신, 반갑다 "
698,121,극한직업,허남웅,3.0,‘닭’치고 웃음
699,121,극한직업,임수연,3.5,"설 연휴, 친구·애인·가족·친지 누구와 봐도 성공할 코미디+액션"
700,122,어벤져스: 엔드게임,송형국,3.0,감정이 강점을 앞서나갔다
701,122,어벤져스: 엔드게임,박평식,3.5,회고전의 뒤풀이가 끝나갈 때
702,122,어벤져스: 엔드게임,이용철,4.5,넋 놓고 본 재미있는 구경거리
703,122,어벤져스: 엔드게임,허남웅,4.0,뜨거운 안녕의 끝에서 열렬한 환영의 시작으로
704,122,어벤져스: 엔드게임,임수연,3.0,"지상 최대의 팬 이벤트, ‘최애’에 따라 감상이 갈릴 것"
705,122,어벤져스: 엔드게임,장영엽,3.5,어떤 인물을 지지하는가에 따라 달리 보일 결말
706,123,겨울왕국 2,박평식,3.0,"넓어진 시야, 줄어든 감흥"
707,123,겨울왕국 2,이주현,3.0,정치적 올바름과 기술의 진보를 등에 업고 쌓은 디즈니 공주 왕국 
708,123,겨울왕국 2,송경원,3.5,마법의 이름은 음악과 애니메이션. 단점을 메울 시간에 잘하는 걸 한번 더 보여주는 디즈니식 확장
709,123,겨울왕국 2,허남웅,3.0,미(왕)국의 기원을 찾아 새롭게 개척하기 
710,124,알라딘,박평식,2.5,화려하게 얼렁뚱땅
711,124,알라딘,이용철,3.0,어깨를 들썩이게 하는 뮤지컬
712,124,알라딘,김성훈,3.0,"북치고 장구치는 지니, 제목을 지니로 바꿔야"
713,124,알라딘,김송희,3.0,＜A Whole New World＞가 나올 때까지 기다리세요
714,124,알라딘,임수연,3.0,원작 대비 선방한 건 윌 스미스와 자스민 캐릭터뿐
715,125,기생충,이화정,4.5,"더 넓게, 더 깊게. 확장의 시력으로 현 사회의 계급의식을 탐색하는 봉테일적 시각"
716,125,기생충,김성훈,4.5,‘그’ 집과 ‘그’ 집 사이에 놓인 계단 숫자만큼의 자존감 차이에 대해
717,125,기생충,임수연,4.5,"예술과 상업, 장르의 구분이 무의미한 드문 영화적 체험"
718,125,기생충,김혜리,4.5,정밀한 나머지 비통한 계급의식의 조감도
719,125,기생충,박평식,4.0,‘유쾌한 전율’이 스멀스멀
720,125,기생충,이용철,5.0,"부르주아의 사려 깊은 매력, 취하거나 찌르거나"
721,125,기생충,장영엽,4.5,"시대의 환경을 이식한, 끝내주는 장르영화"
722,125,기생충,이주현,4.5,"뼈를 때리는 블랙 유머, 오랫동안 얼얼하다"
723,125,기생충,송형국,4.5,만인이 투쟁하는 ‘시대의 서스펜스’ 
724,125,기생충,김현수,5.0,2019 반지하 오디세이
725,125,기생충,김소미,4.5,봉준호가 ‘그 검은 상자’를 열어버렸다
726,126,엑시트,김혜리,3.0,"가족, 취업, 연애를 짊어지고 벽타는 한국식 왁자지껄 명랑 재난물"
727,126,엑시트,이용철,3.0,"청춘, 살아남아"
728,126,엑시트,김성훈,4.0,"앞만 보지 않고, 옆도 뒤도 돌아보며 올라가는 재난영화"
729,126,엑시트,허남웅,3.0,헬조선 청년 재난에서 짠내 나게 탈출하기!
730,126,엑시트,임수연,4.0,모든 한국적인 것이 재난액션물의 재료가 된다. 묘하게 짜릿하다
731,126,엑시트,김현수,4.5,한국 청춘을 옭아매는 거의 모든 것으로부터의 탈주
732,127,스파이더맨: 파 프롬 홈,김현수,3.5,제2의 아이언맨으로 임명하겠다는 마블의 의지
733,127,스파이더맨: 파 프롬 홈,이용철,3.0,아이언맨 팔이 안 하던 때가 그립다
734,127,스파이더맨: 파 프롬 홈,임수연,3.5,"톰 홀랜드표 스파이더의 성장, 흐뭇하게 지켜보는 중"
735,127,스파이더맨: 파 프롬 홈,허남웅,3.0,"집 떠나면 고생, 고생 끝에 성장 온다"
736,128,백두산,박평식,2.5,"상투성과 치기, 청승이 불쑥불쑥"
737,128,백두산,이용철,3.0,이해준의 컬러는 줄었으나 한국적 재난영화로 충분히 인상적이다
738,128,백두산,김성훈,3.5,충분히 예상 가능한 전개인데 스펙터클에 눈을 떼기 힘들다
739,128,백두산,허남웅,2.5,"개인보다 국가, 가족보다 의리가 더 중요한 백두(?)버스터의 시대착오적 가치"
740,129,캡틴 마블,박평식,3.0,"적역 캐스팅, 파워풀, 성긴 짜임새"
741,129,캡틴 마블,이용철,3.5,"디즈니의 큰 그림 그리는 재주, 정말 못 당하겠다"
742,129,캡틴 마블,송형국,4.0,여성과 현실정치에 발언하는 올바른 새 출발
743,129,캡틴 마블,허남웅,3.5,나는 히어로물을 보며 어떻게 고양이에 빠지게 됐나
744,129,캡틴 마블,임수연,3.5,"페미니즘부터 난민 이슈까지, 마블의 다음 챕터를 가늠하다"
745,129,캡틴 마블,김혜리,3.5,"자제 따위 넣어두고 당신이 가진 힘에 눈을 뜨라는, 우주의 북소리"
746,129,캡틴 마블,장영엽,3.5,"누구에게 무언가를 증명할 필요 없이, 더 강하게, 더 빠르게"
747,130,조커,박평식,3.5,고담시나 이곳이나 예측 가능한 난장판
748,130,조커,이화정,3.5,"어둠 말곤 보이지 않는, 다키스트 시티"
749,130,조커,장영엽,4.0,자본주의사회로 걸어들어온 코믹스 빌런
750,130,조커,이주현,4.0,호아킨 피닉스의 연기만으로도 극장에 갈 이유는 충분하다
751,130,조커,김현수,2.5,"폭력에 매혹당한 비겁자, 끔찍하게 아름답다"
752,130,조커,임수연,3.5,"냉정한 케이스 스터디라 변명하기엔, 거리두기에 실패"
753,130,조커,허남웅,4.5,영웅과 악당의 경계에서 웃음인지 눈물인지 모를 혼돈의 페이소스 
754,131,라이온 킹,이용철,3.0,너무 생생해서 되레 무섭다. 이번 건 애니메이션의 승
755,131,라이온 킹,임수연,3.0,"라이브 액션이라서, 자연은 더 압도적이고 감정 표현은 미안하다"
756,131,라이온 킹,김혜리,2.5,디즈니 주주에게만 필요한 리메이크
757,131,라이온 킹,허남웅,3.0,어흥! 포효는 큰데 울림은 적은 실사
758,132,봉오동 전투,박평식,2.0,봉오동 포화 속으로
759,132,봉오동 전투,이용철,2.0,<명량>을 바랐을 텐데 <사냥>이 나왔다
760,132,봉오동 전투,이화정,3.0,"이분법을 강조하니, 수위 오버"
761,132,봉오동 전투,이주현,3.0,역사를 기억하는 일이 증오를 확인하는 일은 아니어야 할 텐데
762,132,봉오동 전투,김현수,3.0,최종병기 류준열
763,132,봉오동 전투,허남웅,2.5,"시대의 ‘감정’으로 진을 치고, ‘시대정신’을 포위하다"
764,133,나쁜 녀석들: 더 무비,박평식,2.0,멍청하게 나쁜 척
765,133,나쁜 녀석들: 더 무비,이용철,2.5,무거우니 둔하다
766,133,나쁜 녀석들: 더 무비,이화정,2.5,뭉쳤는데 흥이 나질 않아
767,133,나쁜 녀석들: 더 무비,송경원,2.5,그나마 장점마저 갉아먹은 안일한 기획
768,134,분노의 질주: 홉스&쇼,이용철,3.0,Good to be Home
769,134,분노의 질주: 홉스&쇼,김현수,3.0,"분노 빼고 ‘더락’을, 질주 대신 ‘아드레날린’을 투여"
770,135,82년생 김지영,김혜리,3.0,매우 온건하고 보편적인 한국 여자 이야기
771,135,82년생 김지영,김현수,3.5,우리 모두의 (한국 남자들이 멸시했던) 이야기
772,135,82년생 김지영,장영엽,3.5,"누군가의 딸, 아내, 동료, 엄마가 아닌, 오롯한 여성으로 홀로 서기"
773,135,82년생 김지영,임수연,3.5,"보편적인 김지영, 다른 이를 거치지 않고 스스로 목소리를 내기까지"
774,135,82년생 김지영,이용철,2.0,만듦새는 구식 계몽영화
775,135,82년생 김지영,이화정,3.5,"82년생 김지영이 앉은 그곳, 상담의 자리에 나를, 내 언니를, 내 엄마를 대입. 울분에서 치유로"
776,135,82년생 김지영,이주현,3.5,"영화의 선한 영향력을 생각하게 하는, 우수 권장 도서 같은 영화"
777,135,82년생 김지영,허남웅,3.5,출발‘선’으로 구분하지 않고 출발‘점’ 안에서 하나되는 세상으로 향하기
778,135,82년생 김지영,김소미,3.5,"여성은 왜 다른 여성들에 쉽게 이입할 수밖에 없는가,에 대한 사려 깊은 사유서"
779,136,악인전,이용철,2.0,"좋게 말해 주먹맛, 솔직히 말해 지겹게 봤던 맛"
780,136,악인전,장영엽,3.0,‘마블리’에 봉인됐던 마동석의 액션 본색
781,136,악인전,김성훈,3.5,누가 누가 더 나쁘냐
782,137,돈,박평식,2.0,"새것, 헌것, 버릴 것"
783,137,돈,이용철,2.5,"<월스트리트> 이후 30년, 변한 건?"
784,137,돈,이화정,3.0,"돈이라는 절대 유혹, 시험대에 선 ‘여의도 스트리트’의 구현"
785,137,돈,김성훈,3.0,엔딩에 동의할 수 없는 게 흠
786,137,돈,허남웅,2.5,지금 방금 찍어낸 위조지폐 같은
787,138,토이 스토리 4,박평식,3.5,불씨를 횃불로 키우는 재능
788,138,토이 스토리 4,이용철,4.0,시리즈 전체가 하나의 True American Classic
789,138,토이 스토리 4,임수연,4.5,"관계와 구속, 존재 이유에 대한 시리즈의 새로운 질문"
790,138,토이 스토리 4,김현수,4.5,"1편의 정통이자, 3편의 감동을 뛰어넘는다"
791,138,토이 스토리 4,김혜리,3.5,‘내 아이’를 넘어서는 발상의 전환. 토이 유니버스의 시작?
792,138,토이 스토리 4,허남웅,3.5,이제는 사랑과 모험 찾아 우정의 공간 저 너머로!
793,139,가장 보통의 연애,임수연,3.5,연애 감정은 아슬아슬 플러팅과 알코올을 타고
794,140,말모이,김송희,2.5,울리려고 마구 꼬집어서 울긴 울었다
795,140,말모이,허남웅,2.5,말을 모으기 이전 배우의 케미가 ‘모이’지를 않는다
796,140,말모이,임수연,3.0,대중영화 이야기꾼으로서 엄유나 감독이 가진 재능에 주목
797,140,말모이,이용철,3.0,의로운 사람들이 기억되도록
798,141,시동,김성훈,3.5,4B 시대의 ‘품행제로’
799,141,시동,김현수,3.0,그 청춘에 시동 거는 ‘불꽃 싸다구’
800,141,시동,임수연,3.5,이야기의 야심보단 독창적인 캐릭터에 승부를
801,141,시동,허남웅,3.0,단발머리 휘날리며 다시 시동 거는 ‘태양은 없다’ 
802,141,시동,박평식,2.0,덜 된 죽에 코 빠뜨리기
803,142,블랙머니,박평식,3.0,"시의적절, 맹렬한 추적과 증언"
804,142,블랙머니,이화정,3.0,영화를 통해 날리는 돌직구 비판
805,142,블랙머니,허남웅,3.0,한국 사회의 검은 우물 속에 뛰어들어 정화하려는 노력
806,143,증인,이용철,3.0,인간에 대한 예의를 생각하며
807,143,증인,이주현,3.0,단도직입적 질문의 힘
808,143,증인,송형국,2.5,"장애인 인식, 나아갔지만 갈 길이 멀다"
809,143,증인,허남웅,3.0,복잡한 사람 속을 다루면서 뻔한 전개로 흐르는 모순
810,143,증인,임수연,3.5,좋은 시나리오. 더 좋은 연기
811,144,터미네이터: 다크 페이트,박평식,3.0,반갑되 아쉬운 사라 코너
812,144,터미네이터: 다크 페이트,이용철,3.0,<터미네이터2>의 리메이크처럼 보인다
813,144,터미네이터: 다크 페이트,이주현,3.5,여성 삼각 편대의 막강 케미스트리
814,144,터미네이터: 다크 페이트,김현수,3.5,She will be back!
815,144,터미네이터: 다크 페이트,허남웅,3.0,다음엔 에드워드 펄롱도 소환하려나?
816,145,사바하,이용철,3.0,흥미진진함은 좋으나 메워야 할 부분이 많다
817,145,사바하,김성훈,4.0,많고 많은 신들 중에서 누가 진짭니까
818,145,사바하,허남웅,3.0,연출 퇴마술이 뒤로 갈수록 힘을 발휘하지 못한다
819,145,사바하,임수연,3.5,독창적인 성탄절 영화. <검은 사제들>보다 <사바하>!
820,145,사바하,김소미,3.5,"장재현의 진일보, 속이 꽉 찬 오컬트"
821,146,타짜: 원 아이드 잭,박평식,2.0,상투성에 올인
822,146,타짜: 원 아이드 잭,이용철,3.0,"첫째가 너무 뛰어나면 둘째, 셋째는 괴로울 수밖에"
823,146,타짜: 원 아이드 잭,이화정,3.0,"청년, 소시민들이 던진 카드. 소박하고 상쾌한 타짜들"
824,147,알리타: 배틀 엔젤,김현수,3.5,오 나의 최종전사
825,147,알리타: 배틀 엔젤,송형국,3.5,‘고유한 비트 이미지’ 포착에 기울인 심혈
826,147,알리타: 배틀 엔젤,이용철,3.5,"과격한 비행이 로드리게즈 몫이라면, 안전한 착륙은 카메론 덕분?"
827,147,알리타: 배틀 엔젤,임수연,3.5,사이보그 캐릭터의 특장점과 한계
828,147,알리타: 배틀 엔젤,허남웅,3.5,제임스 카메론? 로버트 로드리게즈! 
829,148,신의 한 수: 귀수편,박평식,1.5,만취한 선무당이 칼부림하듯
830,148,신의 한 수: 귀수편,김성훈,3.5,"바둑이면 바둑, 액션이면 액션, 전편보다 영리하다"
831,149,내안의 그놈,이용철,2.0,밑도 끝도 없는 보디체인지 영화는 왜 자꾸 나오는 걸까?
832,149,내안의 그놈,이주현,2.0,팔짱 끼고 보다 그놈에게 허를 찔렸다
833,150,변신,박평식,1.5,흉내내긴 어렵고 지켜보긴 괴롭다
834,150,변신,이용철,2.0,"달리는 감독, 붙잡는 영화. 한마디로 미스매치"
835,150,변신,이화정,3.0,오컬트 장르의 색다른 변신엔 한표
