,순번,개봉연도,영화명,감독,배급사,개봉일,국적,전국스크린수,전국매출액,전국관객수,장르,등급,영화구분
0,1,2012,도둑들,최동훈,(주)쇼박스,2012-07-25,한국,1072,93664808500,12983178,액션,15세이상관람가,일반영화
1,2,2012,"광해, 왕이 된 남자",추창민,(주)씨제이이엔엠,2012-09-13,한국,810,88899448769,12319390,사극,15세이상관람가,일반영화
2,3,2012,어벤져스,조스 웨던,"월트디즈니컴퍼니코리아 유한책임회사,한국소니픽쳐스릴리징브에나비스타영화㈜",2012-04-26,미국,967,59557853478,7074867,액션,12세이상관람가,일반영화
3,4,2012,다크 나이트 라이즈,크리스토퍼 놀란,워너브러더스 코리아(주),2012-07-19,미국,1210,47644838000,6396528,액션,15세이상관람가,일반영화
4,5,2012,늑대소년,조성희,(주)씨제이이엔엠,2012-10-31,한국,706,46590107000,6654390,멜로/로맨스,15세이상관람가,일반영화
5,6,2012,어메이징 스파이더맨,마크 웹,한국소니픽쳐스릴리징브에나비스타영화㈜,2012-06-28,미국,1118,41163951235,4853123,액션,12세이상관람가,일반영화
6,7,2012,범죄와의 전쟁: 나쁜놈들 전성시대,윤종빈,(주)쇼박스,2012-02-02,한국,699,36479147500,4710454,범죄,청소년관람불가,일반영화
7,8,2012,바람과 함께 사라지다,김주호,(주)넥스트엔터테인먼트월드(NEW),2012-08-08,한국,694,34524377161,4897551,코미디,12세이상관람가,일반영화
8,9,2012,내 아내의 모든 것,민규동,(주)넥스트엔터테인먼트월드(NEW),2012-05-17,한국,563,34222160500,4598583,코미디,15세이상관람가,일반영화
9,10,2012,연가시,박정우,(주)씨제이이엔엠,2012-07-05,한국,759,32154766664,4513026,공포(호러),15세이상관람가,일반영화
10,11,2012,건축학개론,이용주,롯데쇼핑㈜롯데엔터테인먼트,2012-03-22,한국,593,30219800500,4110645,멜로/로맨스,12세이상관람가,일반영화
11,12,2012,댄싱퀸,이석훈,(주)씨제이이엔엠,2012-01-18,한국,534,30129259500,4057546,코미디,12세이상관람가,일반영화
12,13,2012,맨 인 블랙 3,배리 소넨필드,한국소니픽쳐스릴리징브에나비스타영화㈜,2012-05-24,미국,770,27301520070,3379762,액션,12세이상관람가,일반영화
13,14,2012,부러진 화살,정지영,(주)넥스트엔터테인먼트월드(NEW),2012-01-18,한국,453,25878110500,3450941,드라마,15세이상관람가,일반영화
14,15,2012,레미제라블,톰 후퍼,유니버설픽쳐스인터내셔널 코리아(유),2012-12-19,미국,696,23428605500,3210107,드라마,12세이상관람가,일반영화
15,16,2012,호빗: 뜻밖의 여정,피터 잭슨,워너브러더스 코리아(주),2012-12-13,미국,1028,21724069066,2605124,어드벤처,12세이상관람가,일반영화
16,17,2012,26년,조근현,"(주)인벤트스톤,영화사청어람(주)",2012-11-29,한국,604,21111878145,2940475,액션,15세이상관람가,일반영화
17,18,2012,내가 살인범이다,정병길,(주)쇼박스,2012-11-08,한국,547,20338868000,2721893,액션,청소년관람불가,일반영화
18,19,2012,후궁 : 제왕의 첩,김대승,롯데쇼핑㈜롯데엔터테인먼트,2012-06-06,한국,624,19250354500,2621436,사극,청소년관람불가,일반영화
19,20,2012,브레이킹 던 part2,빌 콘돈,(주)넥스트엔터테인먼트월드(NEW),2012-11-15,미국,665,18909583065,2654817,드라마,15세이상관람가,일반영화
20,21,2012,화차,변영주,필라멘트픽쳐스,2012-03-08,한국,548,18450760000,2435211,미스터리,15세이상관람가,일반영화
21,22,2012,이웃사람,김휘,롯데쇼핑㈜롯데엔터테인먼트,2012-08-22,한국,600,18087442369,2434099,스릴러,청소년관람불가,일반영화
22,23,2012,장화신은 고양이,크리스 밀러,(주)씨제이이엔엠,2012-01-12,미국,593,17601188500,2080154,애니메이션,전체관람가,일반영화
23,24,2012,테이큰 2,올리비에 메가턴,이십세기폭스코리아(주),2012-09-27,프랑스,682,17581098553,2308596,액션,청소년관람불가,일반영화
24,25,2012,007 스카이폴,샘 멘데스,소니픽쳐스릴리징월트디즈니스튜디오스코리아(주),2012-10-26,미국,748,17487213000,2376145,액션,15세이상관람가,일반영화
25,26,2012,배틀쉽,피터 버그,유니버설픽쳐스인터내셔널 코리아(유),2012-04-11,미국,736,16545921500,2241687,SF,12세이상관람가,일반영화
26,27,2012,타워,김지훈,(주)씨제이이엔엠,2012-12-25,한국,617,14658256500,2014589,드라마,12세이상관람가,일반영화
27,28,2012,나의 PS 파트너,변성현,(주)씨제이이엔엠,2012-12-06,한국,552,13496952616,1778222,멜로/로맨스,청소년관람불가,일반영화
28,29,2012,코리아,문현성,(주)씨제이이엔엠,2012-05-03,한국,537,13334762500,1857392,드라마,12세이상관람가,일반영화
29,30,2012,러브픽션,전계수,(주)넥스트엔터테인먼트월드(NEW),2012-02-29,한국,617,13200412500,1726202,멜로/로맨스,15세이상관람가,일반영화
30,31,2012,언터처블: 1%의 우정,"올리비에르 나카체,에릭 토레다노",(주)넥스트엔터테인먼트월드(NEW),2012-03-22,프랑스,454,12731016000,1719772,코미디,12세이상관람가,일반영화
31,32,2012,마다가스카3 : 이번엔 서커스다!,"에릭 다넬,톰 맥그라스,콘래드 베논",(주)씨제이이엔엠,2012-06-06,미국,564,12494860000,1626704,애니메이션,전체관람가,일반영화
32,33,2012,반창꼬,정기훈,(주)넥스트엔터테인먼트월드(NEW),2012-12-19,한국,466,12432566719,1726459,멜로/로맨스,15세이상관람가,일반영화
33,34,2012,아이스 에이지 4: 대륙 이동설,"스티브 마티노,마이크 트메이어",이십세기폭스코리아(주),2012-07-25,미국,501,12291809704,1648070,애니메이션,전체관람가,일반영화
34,35,2012,공모자들,김홍선,"씨너스엔터테인먼트(주),타임스토리그룹(주)",2012-08-29,한국,496,12240964500,1646142,범죄,청소년관람불가,일반영화
35,36,2012,하울링,유하,(주)씨제이이엔엠,2012-02-16,한국,550,11765293500,1612554,범죄,15세이상관람가,일반영화
36,37,2012,용의자X,방은진,(주)씨제이이엔엠,2012-10-18,한국,553,11241013000,1552055,미스터리,15세이상관람가,일반영화
37,38,2012,새미의 어드벤쳐 2,벤 스타센,(주)씨제이이엔엠,2012-08-01,벨기에,486,10805555000,1452872,애니메이션,전체관람가,일반영화
38,39,2012,은교,정지우,롯데쇼핑㈜롯데엔터테인먼트,2012-04-25,한국,521,9917728000,1346274,멜로/로맨스,청소년관람불가,일반영화
39,40,2012,잃어버린 세계를 찾아서 2: 신비의 섬,브래드 페이튼,워너브러더스 코리아(주),2012-01-19,미국,398,9784305000,1149628,액션,전체관람가,일반영화
40,41,2012,차형사,신태라,(주)씨제이이엔엠,2012-05-30,한국,433,9752555296,1346754,코미디,15세이상관람가,일반영화
41,42,2012,점박이:한반도의 공룡3D,한상호,(주)씨제이이엔엠,2012-01-26,한국,457,9621468000,1040636,애니메이션,전체관람가,일반영화
42,43,2012,간기남,김형준,(주)쇼박스,2012-04-11,한국,356,9356404500,1246185,코미디,청소년관람불가,일반영화
43,44,2012,간첩,우민호,롯데쇼핑㈜롯데엔터테인먼트,2012-09-20,한국,576,9316548500,1310895,드라마,15세이상관람가,일반영화
44,45,2012,메리다와 마법의 숲,"마크 앤드류스,브렌다 채프먼",한국소니픽쳐스릴리징브에나비스타영화㈜,2012-09-27,미국,479,9024766000,1231024,애니메이션,전체관람가,일반영화
45,46,2012,토탈 리콜,렌 와이즈먼,한국소니픽쳐스릴리징브에나비스타영화㈜,2012-08-15,미국,448,8958236000,1219637,SF,15세이상관람가,일반영화
46,47,2012,돈의 맛,임상수,"(주)시너지하우스 (시너지),롯데쇼핑㈜롯데엔터테인먼트",2012-05-17,한국,643,8776870611,1165488,드라마,청소년관람불가,일반영화
47,48,2012,R2B: 리턴투베이스,김동원,(주)씨제이이엔엠,2012-08-15,한국,539,8600489371,1201640,액션,15세이상관람가,일반영화
48,49,2012,프로메테우스,리들리 스콧,이십세기폭스코리아(주),2012-06-06,미국,521,8583886099,970275,SF,청소년관람불가,일반영화
49,50,2012,회사원,임상윤,(주)쇼박스,2012-10-11,한국,549,8321175000,1110523,액션,청소년관람불가,일반영화
50,51,2012,가디언즈,피터 램지,(주)씨제이이엔엠,2012-11-29,미국,470,8083010500,1056250,애니메이션,전체관람가,일반영화
51,52,2012,타이탄의 분노,조나단 리브스만,워너브러더스 코리아(주),2012-03-29,미국,535,7591124500,893027,액션,12세이상관람가,일반영화
52,53,2012,본 레거시,토니 길로이,유니버설픽쳐스인터내셔널 코리아(유),2012-09-06,미국,585,7412233000,1015711,액션,15세이상관람가,일반영화
53,54,2012,시체가 돌아왔다,우선호,(주)씨제이이엔엠,2012-03-29,한국,435,7357623000,986547,범죄,15세이상관람가,일반영화
54,55,2012,가문의 영광5 - 가문의 귀환,정용기,롯데쇼핑㈜롯데엔터테인먼트,2012-12-19,한국,447,7245056500,1012223,코미디,15세이상관람가,일반영화
55,56,2012,존 카터: 바숨 전쟁의 서막,앤드류 스탠튼,한국소니픽쳐스릴리징브에나비스타영화㈜,2012-03-08,미국,508,7218670500,837426,SF,12세이상관람가,일반영화
56,57,2012,원더풀 라디오,권칠인,(주)쇼박스,2012-01-05,한국,474,7193596000,977470,드라마,15세이상관람가,일반영화
57,58,2012,스텝업4 : 레볼루션,스콧 스피어,롯데쇼핑㈜롯데엔터테인먼트,2012-08-15,미국,281,7157894000,953871,멜로/로맨스,12세이상관람가,일반영화
58,59,2012,돈 크라이 마미,김용한,(주)에스비에스콘텐츠허브,2012-11-22,한국,444,6798882099,972962,스릴러,15세이상관람가,일반영화
59,60,2012,디스 민즈 워,맥지,이십세기폭스코리아(주),2012-02-29,미국,351,6661435000,873396,액션,15세이상관람가,일반영화
60,61,2012,점쟁이들,신정원,(주)넥스트엔터테인먼트월드(NEW),2012-10-03,한국,479,6345293500,900054,코미디,15세이상관람가,일반영화
61,62,2012,미확인 동영상 : 절대클릭금지,김태경,(주)쇼박스,2012-05-30,한국,361,5939840500,867386,공포(호러),15세이상관람가,일반영화
62,63,2012,토르: 마법망치의 전설,"오스카 요나손,토비 젠켈,거나 칼슨","롯데쇼핑㈜롯데엔터테인먼트,(주)스마일이엔티",2012-02-09,아이슬란드,383,5529185000,765315,애니메이션,전체관람가,일반영화
63,64,2012,나는 왕이로소이다,장규성,롯데쇼핑㈜롯데엔터테인먼트,2012-08-08,한국,471,5317185404,768971,사극,12세이상관람가,일반영화
64,65,2012,레지던트 이블 5 : 최후의 심판,폴 W.S. 앤더슨,한국소니픽쳐스릴리징브에나비스타영화㈜,2012-09-13,미국,368,4757460500,558433,액션,청소년관람불가,일반영화
65,66,2012,스노우 화이트 앤 더 헌츠맨,루퍼트 샌더스,유니버설픽쳐스인터내셔널 코리아(유),2012-05-30,미국,447,4646250000,636631,액션,12세이상관람가,일반영화
66,67,2012,주먹왕 랄프,리치 무어,소니픽쳐스릴리징월트디즈니스튜디오스코리아(주),2012-12-19,미국,361,4472518000,616747,애니메이션,전체관람가,일반영화
67,68,2012,헝거게임: 판엠의 불꽃,게리 로스,롯데쇼핑㈜롯데엔터테인먼트,2012-04-05,미국,514,4470681000,606531,액션,15세이상관람가,일반영화
68,69,2012,미쓰GO,박철관,(주)넥스트엔터테인먼트월드(NEW),2012-06-21,한국,440,4441859000,611685,액션,15세이상관람가,일반영화
69,70,2012,맨 온 렛지,애스게르 레스,롯데쇼핑㈜롯데엔터테인먼트,2012-02-22,미국,408,4393531500,591841,범죄,15세이상관람가,일반영화
70,71,2012,피에타,김기덕,(주)넥스트엔터테인먼트월드(NEW),2012-09-06,한국,291,4354008500,602967,드라마,청소년관람불가,독립/예술영화
71,72,2012,다크 섀도우,팀 버튼,워너브러더스 코리아(주),2012-05-10,미국,394,4326459000,582126,드라마,15세이상관람가,일반영화
72,73,2012,루퍼,라이언 존슨,(주)에스비에스콘텐츠허브,2012-10-11,미국,386,4252182000,570010,SF,청소년관람불가,일반영화
73,74,2012,백설공주,타셈 싱,롯데쇼핑㈜롯데엔터테인먼트,2012-05-03,미국,386,4038223000,576150,판타지,전체관람가,일반영화
74,75,2012,파파,한지승,롯데쇼핑㈜롯데엔터테인먼트,2012-02-01,한국,414,3866065500,562156,가족,12세이상관람가,일반영화
75,76,2012,아부의 왕,정승구,롯데쇼핑㈜롯데엔터테인먼트,2012-06-21,한국,428,3511102500,497880,코미디,15세이상관람가,일반영화
76,77,2012,밀레니엄 : 여자를 증오한 남자들,데이빗 핀처,한국소니픽쳐스릴리징브에나비스타영화㈜,2012-01-11,미국,321,3504509000,443889,스릴러,청소년관람불가,일반영화
77,78,2012,페이스메이커,김달중,"(주)시너지하우스 (시너지),롯데쇼핑㈜롯데엔터테인먼트",2012-01-18,한국,412,3443753000,467697,드라마,12세이상관람가,일반영화
78,79,2012,락아웃: 익스트림미션,"제임스 매더스,스테판 St. 레게르",롯데쇼핑㈜롯데엔터테인먼트,2012-06-14,미국,374,3373780000,462176,SF,15세이상관람가,일반영화
79,80,2012,명탐정 코난: 11번째 스트라이커,"시즈노 코분,야마모토 야스이치로",(주)씨제이이엔엠,2012-07-19,일본,350,3363777000,524914,애니메이션,12세이상관람가,일반영화
80,81,2012,익스펜더블 2,사이먼 웨스트,롯데쇼핑㈜롯데엔터테인먼트,2012-09-06,미국,393,3206144228,444045,액션,15세이상관람가,일반영화
81,82,2012,두 개의 달,김동빈,롯데쇼핑㈜롯데엔터테인먼트,2012-07-12,한국,347,2944786748,425972,공포(호러),15세이상관람가,일반영화
82,83,2012,크로니클,조쉬 트랭크,이십세기폭스코리아(주),2012-03-15,미국,324,2881024000,383862,액션,15세이상관람가,일반영화
83,84,2012,늑대소년-확장판,조성희,(주)씨제이이엔엠,2012-12-06,한국,278,2868180500,414064,멜로/로맨스,15세이상관람가,일반영화
84,85,2012,링컨: 뱀파이어 헌터,티무르 베크맘베토브,이십세기폭스코리아(주),2012-08-30,미국,337,2750911500,344876,액션,청소년관람불가,일반영화
85,86,2012,미드나잇 인 파리,우디 알렌,"(주)디스테이션,(주)드림팩트엔터테인먼트,(주)나이너스엔터테인먼트",2012-07-05,미국,189,2602632398,350785,코미디,15세이상관람가,독립/예술영화
86,87,2012,무서운 이야기,"정범식,임대웅,홍지영,김곡,김선,민규동",롯데쇼핑㈜롯데엔터테인먼트,2012-07-25,한국,274,2452368566,331760,공포(호러),청소년관람불가,일반영화
87,88,2012,남영동1985,정지영,"씨너스엔터테인먼트(주),(주)엣나인필름",2012-11-22,한국,310,2358477601,332597,드라마,15세이상관람가,독립/예술영화
88,89,2012,늑대아이,호소다 마모루,(주)미디어데이,2012-09-13,일본,226,2283350261,330679,애니메이션,전체관람가,독립/예술영화
89,90,2012,음치 클리닉,김진영,롯데쇼핑㈜롯데엔터테인먼트,2012-11-29,한국,360,2248238000,338168,멜로/로맨스,12세이상관람가,일반영화
90,91,2012,더 그레이,조 카나한,(주)팝파트너스,2012-02-16,미국,298,2198959500,292217,액션,15세이상관람가,일반영화
91,92,2012,로렉스,"크리스 리노드,카일 발다",유니버설픽쳐스인터내셔널 코리아(유),2012-05-03,미국,463,2140045000,297025,애니메이션,전체관람가,일반영화
92,93,2012,위험한 관계,허진호,(주)씨제이이엔엠,2012-10-11,한국,334,2122666230,298086,멜로/로맨스,청소년관람불가,일반영화
93,94,2012,네버엔딩 스토리,정용주,(주)화앤담이엔티,2012-01-18,한국,269,2106823000,283449,코미디,15세이상관람가,일반영화
94,95,2012,19곰 테드,세스 맥팔레인,유니버설픽쳐스인터내셔널 코리아(유),2012-09-27,미국,248,2034959293,266574,코미디,청소년관람불가,일반영화
95,96,2012,우리는 동물원을 샀다,카메론 크로우,이십세기폭스코리아(주),2012-01-18,미국,235,1993190500,276334,가족,전체관람가,일반영화
96,97,2012,가비,장윤현,(주)시네마서비스,2012-03-15,한국,339,1969360500,270602,드라마,15세이상관람가,일반영화
97,98,2012,빌리와 용감한 녀석들 3D,"라인하드 클루스,호거 태프",(주)에스비에스콘텐츠허브,2012-08-08,독일,241,1961238000,299434,애니메이션,전체관람가,일반영화
98,99,2012,모모와 다락방의 수상한 요괴들,오키우라 히로유키,타임스토리그룹(주),2012-07-05,일본,253,1957612000,295189,애니메이션,전체관람가,일반영화
99,100,2012,언더월드 4: 어웨이크닝,"만스 말린드,비욘 스테인",한국소니픽쳐스릴리징브에나비스타영화㈜,2012-02-22,미국,343,1861948000,200038,액션,청소년관람불가,일반영화
100,101,2012,서약,마이클 수치,한국소니픽쳐스릴리징브에나비스타영화㈜,2012-03-14,미국,314,1810275500,239483,드라마,15세이상관람가,일반영화
101,102,2012,짱구는 못말려 극장판: 태풍을 부르는 황금스파이 대작전,마스이 소이치,롯데쇼핑㈜롯데엔터테인먼트,2012-04-26,일본,277,1804032000,272062,애니메이션,전체관람가,일반영화
102,103,2012,잠베지아: 신비한 나무섬의 비밀,웨인 쏜리,롯데쇼핑㈜롯데엔터테인먼트,2012-12-25,남아프리카공화국,273,1754592000,240603,애니메이션,전체관람가,일반영화
103,104,2012,캐빈 인 더 우즈,드류 고다드,롯데쇼핑㈜롯데엔터테인먼트,2012-06-28,미국,288,1710273500,228090,공포(호러),청소년관람불가,일반영화
104,105,2012,니코: 산타비행단의 모험,"캐리 주스넌,요르겐 레르담",씨너스엔터테인먼트(주),2012-12-25,핀란드,306,1676033500,243062,애니메이션,전체관람가,일반영화
105,106,2012,강철대오:구국의 철가방,육상효,롯데쇼핑㈜롯데엔터테인먼트,2012-10-25,한국,366,1614867156,233211,코미디,15세이상관람가,일반영화
106,107,2012,나는 공무원이다,구자홍,(주)넥스트엔터테인먼트월드(NEW),2012-07-12,한국,278,1535913500,217493,코미디,전체관람가,일반영화
107,108,2012,해피 피트 2,조지 밀러,워너브러더스 코리아(주),2012-02-02,호주,315,1459727000,185420,애니메이션,전체관람가,일반영화
108,109,2012,테드: 황금도시 파이티티를 찾아서,엔리케 가토,(주)싸이더스,2012-09-20,스페인,301,1453568500,206320,애니메이션,전체관람가,일반영화
109,110,2012,코알라 키드 : 영웅의 탄생,이경호,롯데쇼핑㈜롯데엔터테인먼트,2012-01-12,한국,234,1434535500,205579,애니메이션,전체관람가,일반영화
110,111,2012,자칼이 온다,배형준,롯데쇼핑㈜롯데엔터테인먼트,2012-11-15,한국,300,1430079500,210278,코미디,15세이상관람가,일반영화
111,112,2012,다크아워,크리스 고락,이십세기폭스코리아(주),2012-01-05,미국,324,1319649000,162604,SF,12세이상관람가,일반영화
112,113,2012,극장판 포켓몬스터 베스트위시「큐레무 VS 성검사 케르디오」,유야마 쿠니히코,(주)씨제이이엔엠,2012-12-19,일본,275,1280386750,329452,애니메이션,전체관람가,일반영화
113,114,2012,원 데이,론 쉐르픽,"(주)영화사 그램,(주)제이앤씨미디어그룹,(주)팝파트너스",2012-12-13,미국,236,1278210000,174846,드라마,15세이상관람가,독립/예술영화
114,115,2012,업사이드 다운,후안 디에고 솔라나스,롯데쇼핑㈜롯데엔터테인먼트,2012-11-08,캐나다,309,1225993645,174879,SF,12세이상관람가,일반영화
115,116,2012,세이프 하우스,다니엘 에스피노사,유니버설픽쳐스인터내셔널 코리아(유),2012-02-29,미국,292,1223151500,163729,액션,15세이상관람가,일반영화
116,117,2012,사다코 3D : 죽음의 동영상,하나부사 츠토무,KT&G 상상마당 영화사업팀 컴퍼니에스에스(주),2012-06-14,일본,262,1128635032,122382,공포(호러),15세이상관람가,일반영화
117,118,2012,더 레이븐,제임스 맥티그,롯데쇼핑㈜롯데엔터테인먼트,2012-07-05,미국,265,1123639000,153278,스릴러,청소년관람불가,일반영화
118,119,2012,철의 여인,필리다 로이드,필라멘트픽쳐스,2012-02-23,영국,162,1079070500,144338,드라마,12세이상관람가,일반영화
119,120,2012,극장판 도라에몽: 진구와 기적의 섬 애니멀 어드벤처,쿠스바 고조,롯데쇼핑㈜롯데엔터테인먼트,2012-07-25,일본,184,1071505500,165640,애니메이션,전체관람가,일반영화
120,121,2012,액트 오브 밸러: 최정예 특수부대,"마이크 맥코이,스캇 워프",씨너스엔터테인먼트(주),2012-02-29,미국,223,1036484500,139541,액션,15세이상관람가,일반영화
121,122,2012,아르고,벤 애플렉,워너브러더스 코리아(주),2012-10-31,미국,238,999347500,140522,스릴러,15세이상관람가,일반영화
122,123,2012,아티스트,미셀 하자나비시우스,(주)영화사 진진,2012-02-16,미국,93,910115100,118836,멜로/로맨스,12세이상관람가,독립/예술영화
123,124,2012,고스트 라이더 : 복수의 화신,"마크 네빌딘,브라이언 테일러",롯데쇼핑㈜롯데엔터테인먼트,2012-02-16,미국,269,902982500,117263,액션,15세이상관람가,일반영화
124,125,2012,리미트리스,닐 버거,팝엔터테인먼트,2012-07-12,미국,164,867035000,120914,미스터리,15세이상관람가,일반영화
125,126,2012,우먼 인 블랙,제임스 왓킨스,"(주)넥스트엔터테인먼트월드(NEW),KT&G 상상마당 영화사업팀 컴퍼니에스에스(주)",2012-02-16,영국,237,862144800,117188,드라마,15세이상관람가,일반영화
126,127,2012,5백만불의 사나이,김익로,(주)씨제이이엔엠,2012-07-19,한국,331,739789500,104736,코미디,15세이상관람가,일반영화
127,128,2012,극장판 파워레인저: 캡틴포스 VS 미라클포스 199 히어로 대결전,타케모토 노보루,롯데쇼핑㈜롯데엔터테인먼트,2012-12-13,일본,229,735605000,107403,애니메이션,전체관람가,일반영화
128,129,2012,워 호스,스티븐 스필버그,한국소니픽쳐스릴리징브에나비스타영화㈜,2012-02-09,미국,229,734302500,102195,전쟁,12세이상관람가,일반영화
129,130,2012,초한지 - 천하대전,이인항,KT&G 상상마당 영화사업팀 컴퍼니에스에스(주),2012-01-11,중국,167,710375000,94652,액션,12세이상관람가,일반영화
130,131,2012,인류멸망 보고서,김지운,"롯데쇼핑㈜롯데엔터테인먼트,타임스토리그룹(주)",2012-04-11,한국,236,702418000,97555,SF,15세이상관람가,일반영화
131,132,2012,577 프로젝트,이근우,필라멘트픽쳐스,2012-08-30,한국,191,695765500,96079,코미디,15세이상관람가,일반영화
132,133,2012,페이스 블라인드,줄리앙 마그넷,(주)마인스 엔터테인먼트,2012-06-21,미국,179,660556169,88977,범죄,청소년관람불가,일반영화
133,134,2012,팅커 테일러 솔저 스파이,토마스 알프레드슨,"(주)드림팩트엔터테인먼트,팝엔터테인먼트",2012-02-09,영국,187,648304500,87155,스릴러,15세이상관람가,일반영화
134,135,2012,피라냐 3DD,존 걸레거,롯데쇼핑㈜롯데엔터테인먼트,2012-08-01,미국,269,639495500,74044,공포(호러),청소년관람불가,일반영화
135,136,2012,휴고,마틴 스코세이지,(주)씨제이이엔엠,2012-02-29,미국,85,637621000,60520,가족,전체관람가,일반영화
136,137,2012,콜드 라잇 오브 데이,마브룩 엘 메크리,씨너스엔터테인먼트(주),2012-05-17,미국,245,636555090,88522,액션,15세이상관람가,일반영화
137,138,2012,락 오브 에이지,아담 쉥크만,워너브러더스 코리아(주),2012-08-02,미국,243,634870496,87915,뮤지컬,15세이상관람가,일반영화
138,139,2012,철가방 우수氏,윤학렬,(주)씨제이이엔엠,2012-11-22,한국,119,601513500,91988,드라마,12세이상관람가,독립/예술영화
139,140,2012,레전드 오브 래빗,순리준,(주)화앤담이엔티,2012-02-22,중국,225,581200500,85184,애니메이션,전체관람가,일반영화
140,141,2012,극장판 썬더일레븐GO : 궁극의 우정 그리폰,미야오 요시카즈,에이원엔터테인먼트,2012-05-24,일본,243,574947000,84255,애니메이션,전체관람가,일반영화
141,142,2012,조조-황제의 반란,조림산,롯데쇼핑㈜롯데엔터테인먼트,2012-10-18,중국,227,535668500,75297,사극,15세이상관람가,일반영화
142,143,2012,하이힐을 신고 달리는 여자,더글라스 맥그래스,필라멘트픽쳐스,2012-02-02,미국,169,531249500,69047,코미디,15세이상관람가,일반영화
143,144,2012,나우이즈굿,올 파커,(주)인벤트스톤,2012-11-08,영국,144,501607000,73139,드라마,15세이상관람가,독립/예술영화
144,145,2012,로우리스: 나쁜 영웅들,존 힐코트,씨너스엔터테인먼트(주),2012-10-18,미국,275,452103666,63108,액션,청소년관람불가,일반영화
145,146,2012,인피니트 콘서트 세컨드 인베이전 에볼루션 더 무비 3D,손석,골든타이드픽처스(주),2012-10-18,한국,84,412379000,39577,공연,전체관람가,일반영화
146,147,2012,디센던트,알렉산더 페인,이십세기폭스코리아(주),2012-02-16,미국,114,407991800,53103,코미디,15세이상관람가,독립/예술영화
147,148,2012,살인소설,스콧 데릭슨,씨너스엔터테인먼트(주),2012-11-15,미국,186,394724176,54239,미스터리,청소년관람불가,일반영화
148,149,2012,콘트라밴드,발타자르 코루마쿠르,유니버설픽쳐스인터내셔널 코리아(유),2012-03-22,미국,178,393549500,52743,액션,청소년관람불가,일반영화
149,150,2012,돌아온 파워레인저 미라클포스,나가이시 다카오,롯데쇼핑㈜롯데엔터테인먼트,2012-02-29,일본,235,385525000,56420,액션,전체관람가,일반영화
150,151,2012,헤이와이어,스티븐 소더버그,씨너스엔터테인먼트(주),2012-07-05,미국,200,384196324,54511,액션,15세이상관람가,일반영화
151,152,2012,파라노말 액티비티4,"아리엘 슐만,헨리 유스트",(주)씨제이이엔엠,2012-10-25,미국,173,384064500,54461,스릴러,15세이상관람가,일반영화
152,153,2012,두 번의 결혼식과 한 번의 장례식,김조광수,(주)영화사 진진,2012-06-21,한국,67,380102144,50905,코미디,15세이상관람가,독립/예술영화
153,154,2012,베스트 엑조틱 메리골드 호텔,존 매든,이십세기폭스코리아(주),2012-07-12,영국,149,379972500,53555,코미디,15세이상관람가,독립/예술영화
154,155,2012,더 씽,매티스 반 헤이닌겐 주니어,(주)싸이더스,2012-06-14,미국,174,367519589,50839,공포(호러),15세이상관람가,일반영화
155,156,2012,프랑켄위니,팀 버튼,소니픽쳐스릴리징월트디즈니스튜디오스코리아(주),2012-10-11,미국,226,365356000,43978,애니메이션,12세이상관람가,일반영화
156,157,2012,저지드레드 3D,피트 트래비스,롯데쇼핑㈜롯데엔터테인먼트,2012-12-06,영국,184,364237000,48173,SF,청소년관람불가,일반영화
157,158,2012,인시디어스,제임스 완,(주)쇼박스,2012-09-13,미국,178,357783500,50163,공포(호러),15세이상관람가,일반영화
158,159,2012,레드라이트,로드리고 코르테스,(주)씨제이이엔엠,2012-08-23,스페인,197,355743500,49925,미스터리,15세이상관람가,일반영화
159,160,2012,빅 미라클,켄 콰피스,유니버설픽쳐스인터내셔널 코리아(유),2012-02-23,미국,170,344139500,51151,드라마,전체관람가,일반영화
160,161,2012,킹메이커,조지 클루니,(주)시너지하우스 (시너지),2012-04-19,미국,95,340466000,44689,드라마,15세이상관람가,일반영화
161,162,2012,저스티스,로저 도널드슨,(주)쇼박스,2012-03-15,미국,142,329594500,44546,액션,청소년관람불가,일반영화
162,163,2012,미운오리새끼,곽경택,롯데쇼핑㈜롯데엔터테인먼트,2012-08-30,한국,167,308009500,45454,드라마,15세이상관람가,일반영화
163,164,2012,하트 브레이커,파스칼 쇼메유,씨너스엔터테인먼트(주),2012-04-19,프랑스,176,296750000,40793,코미디,15세이상관람가,독립/예술영화
164,165,2012,스페이스 독,"이나 예블라니코바,스비야토슬라브 우샤코프",예지림엔터테인먼트,2012-03-22,러시아,148,282088000,42720,애니메이션,전체관람가,일반영화
165,166,2012,스트리트 댄스 2: 라틴배틀,"맥스 기와,다니아 파스퀴니",판씨네마(주),2012-07-12,영국,133,281712000,39394,드라마,12세이상관람가,일반영화
166,167,2012,스탠리의 도시락,아몰 굽트,타임스토리그룹(주),2012-03-08,인도,164,281533000,42210,드라마,전체관람가,독립/예술영화
167,168,2012,그레이브 인카운터,더 비셔우스 브라더스,(주)팝엔터테인먼트,2012-08-01,캐나다,63,277970000,39266,공포(호러),15세이상관람가,일반영화
168,169,2012,밀림의 왕자 레오2,타케우치 요시오,에이원엔터테인먼트,2012-11-08,일본,159,274928000,44988,애니메이션,전체관람가,일반영화
169,170,2012,더 스토리: 세상에 숨겨진 사랑,"브라이언 클러그만,리 스턴탈",(주)에스비에스콘텐츠허브,2012-12-06,미국,103,261313500,36068,드라마,15세이상관람가,독립/예술영화
170,171,2012,코난: 암흑의 시대,마커스 니스펠,(주)씨제이이엔엠,2012-04-05,미국,198,257709000,33469,판타지,청소년관람불가,일반영화
171,172,2012,"그 시절, 우리가 좋아했던 소녀",구파도,"(주)이놀미디어,(주)드림팩트엔터테인먼트,(주)미로스페이스,씨너스엔터테인먼트(주),(주)미로비젼,(주)박수엔터테인먼트",2012-08-22,대만,113,248335570,34995,멜로/로맨스,15세이상관람가,독립/예술영화
172,173,2012,I AM,최진성,(주)씨제이이엔엠,2012-06-21,한국,137,245580000,32988,다큐멘터리,전체관람가,일반영화
173,174,2012,복숭아나무,구혜선,(주)넥스트엔터테인먼트월드(NEW),2012-10-31,한국,201,240103112,33884,멜로/로맨스,15세이상관람가,일반영화
174,175,2012,다른나라에서,홍상수,"(주)영화제작전원사 ,(주)영화사 조제",2012-05-31,한국,35,237013700,30590,드라마,청소년관람불가,독립/예술영화
175,176,2012,벨 아미,"데클란 도넬란,닉 오머로드",(주)에스비에스콘텐츠허브,2012-08-30,영국,103,213966000,30373,드라마,청소년관람불가,일반영화
176,177,2012,데인저러스 메소드,데이빗 크로넨버그,KT&G 상상마당 영화사업팀 컴퍼니에스에스(주),2012-05-10,영국,97,209419509,27642,멜로/로맨스,청소년관람불가,독립/예술영화
177,178,2012,내 인생의 마지막 변화구,로버트 로렌즈,워너브러더스 코리아(주),2012-11-29,미국,130,208654500,29648,드라마,12세이상관람가,일반영화
178,179,2012,머신건 프리처,마크 포스터,(주)팝파트너스,2012-05-24,미국,141,197366500,26640,액션,15세이상관람가,일반영화
179,180,2012,원 포 더 머니,줄리 앤 로빈슨,씨너스엔터테인먼트(주),2012-02-16,미국,144,195806000,26387,멜로/로맨스,15세이상관람가,독립/예술영화
180,181,2012,아워 이디엇 브라더,제시 페레츠,씨너스엔터테인먼트(주),2012-11-29,미국,62,195732477,26820,드라마,청소년관람불가,독립/예술영화
181,182,2012,더 데이,백창주,롯데쇼핑㈜롯데시네마,2012-02-23,한국,30,192005000,24163,다큐멘터리,전체관람가,일반영화
182,183,2012,매직 마이크,스티븐 소더버그,(주)나이너스엔터테인먼트,2012-08-01,미국,68,191946500,25288,코미디,청소년관람불가,독립/예술영화
183,184,2012,비스트 앵콜 콘서트 3D,손석,(주)에스비에스콘텐츠허브,2012-02-29,한국,75,171432000,16844,공연,전체관람가,일반영화
184,185,2012,개들의 전쟁,조병옥,롯데쇼핑㈜롯데엔터테인먼트,2012-11-22,한국,94,171004571,23350,액션,청소년관람불가,독립/예술영화
185,186,2012,레이드 : 첫번째 습격,가렛 에반스,(주)씨제이이엔엠,2012-05-17,인도네시아,120,163320500,21705,액션,청소년관람불가,일반영화
186,187,2012,비정한 도시 감독판,김문흠,(주)인벤트스톤,2012-10-25,한국,172,161959057,22900,미스터리,청소년관람불가,일반영화
187,188,2012,볼츠와 블립,피터 레페니오티스,(주)씨제이이엔엠,2012-02-23,한국,61,161329000,15386,애니메이션,전체관람가,일반영화
188,189,2012,밀림의 왕자 레오: 세상을 바꾸는 용기,타니구치 고로,"(주)박수엔터테인먼트,에이원엔터테인먼트",2012-02-29,일본,49,154900000,24640,애니메이션,전체관람가,독립/예술영화
189,190,2012,마릴린 먼로와 함께한 일주일,사이먼 커티스,(주)싸이더스,2012-02-29,영국,81,148370000,19387,드라마,15세이상관람가,일반영화
190,191,2012,대학살의 신,로만 폴란스키,판씨네마(주),2012-08-16,프랑스,36,147873500,19917,드라마,15세이상관람가,독립/예술영화
191,192,2012,코드네임 제로니모,존 스톡웰,씨너스엔터테인먼트(주),2012-12-13,미국,108,145151000,23462,액션,15세이상관람가,일반영화
192,193,2012,"봄, 눈",김태균,(주)넥스트엔터테인먼트월드(NEW),2012-04-26,한국,118,143518000,22870,드라마,전체관람가,일반영화
193,194,2012,파괴자들,올리버 스톤,유니버설픽쳐스인터내셔널 코리아(유),2012-10-31,미국,171,141102068,19716,액션,청소년관람불가,일반영화
194,195,2012,달팽이의 별,이승준,(주)영화사조아,2012-03-22,한국,34,132937800,19252,다큐멘터리,전체관람가,독립/예술영화
195,196,2012,웨딩스캔들,신동엽,(주)마인스 엔터테인먼트,2012-09-06,한국,121,124977000,19569,코미디,15세이상관람가,일반영화
196,197,2012,두레소리,조정래,(주)명필름,2012-05-10,한국,132,115794000,17362,드라마,12세이상관람가,독립/예술영화
197,198,2012,오페라의 유령 2 : 러브 네버 다이,"브렛 설리반,사이몬 필립스",유니버설픽쳐스인터내셔널 코리아(유),2012-09-06,미국,41,114721500,6952,뮤지컬,12세이상관람가,일반영화
198,199,2012,하늘이 보내준 딸,비자이,(주)싸이더스,2012-04-19,인도,107,113583500,16875,가족,전체관람가,일반영화
199,200,2012,아메리칸 파이: 19금 동창회,"존 허위츠,헤이든 쉬로스버그",유니버설픽쳐스인터내셔널 코리아(유),2012-08-09,미국,117,113072000,15431,코미디,청소년관람불가,일반영화
200,201,2012,런던 블러바드,윌리엄 모나한,(주)팝파트너스,2012-09-20,미국,131,107401000,15539,범죄,15세이상관람가,일반영화
201,202,2012,터치,민병훈,(주)팝엔터테인먼트,2012-11-08,한국,95,100685000,17403,드라마,청소년관람불가,독립/예술영화
202,203,2012,나이트폴,주현량,(주)나이너스엔터테인먼트,2012-09-27,홍콩,108,99076000,13307,액션,청소년관람불가,일반영화
203,204,2012,더 레이디,뤽 베송,(주)씨제이이엔엠,2012-09-06,프랑스,97,96024000,13051,드라마,15세이상관람가,일반영화
204,205,2012,헤이츠,마크 톤데라이,(주)나이너스엔터테인먼트,2012-12-06,미국,75,94348000,13747,스릴러,15세이상관람가,일반영화
205,206,2012,럼 다이어리,브루스 로빈슨,(주)마인스 엔터테인먼트,2012-09-20,미국,126,91844000,12685,코미디,청소년관람불가,일반영화
206,207,2012,원피스 3D : 밀짚모자 체이스,사토 히로유키,(주)미디어데이,2012-01-26,일본,111,91648500,13475,애니메이션,전체관람가,일반영화
207,208,2012,파닥파닥,이대희,"(주)씨제이이엔엠,㈜인디스토리",2012-07-25,한국,51,87647900,13194,애니메이션,12세이상관람가,독립/예술영화
208,209,2012,내가 고백을 하면,조성규,(주)마인스 엔터테인먼트,2012-11-15,한국,37,87624000,11515,멜로/로맨스,15세이상관람가,독립/예술영화
209,210,2012,황제펭귄 펭이와 솜이,"김진만,김재영",주식회사 마운틴픽쳐스,2012-08-08,한국,55,81590500,11418,다큐멘터리,전체관람가,독립/예술영화
210,211,2012,엔드 오브 왓치,데이비드 에이어,(주)인벤트스톤,2012-12-06,미국,54,81214500,10985,범죄,청소년관람불가,일반영화
211,212,2012,범죄소년,강이관,타임스토리그룹(주),2012-11-22,한국,56,80763800,11585,드라마,15세이상관람가,독립/예술영화
212,213,2012,익스트림 No.13,겔라 바블루아니,(주)팝파트너스,2012-10-03,미국,108,80120516,11130,스릴러,청소년관람불가,일반영화
213,214,2012,야곱 신부의 편지,클라우스 해로,뉴원시네마,2012-05-10,핀란드,33,79515000,11504,드라마,12세이상관람가,독립/예술영화
214,215,2012,손오공: 돌원숭이의 탄생,"스기노 아키오,후미히로 요시무라",에이원엔터테인먼트,2012-09-13,일본,83,69621000,10965,애니메이션,전체관람가,일반영화
215,216,2012,아기 거북 토토의 바다 대모험,닉 스트링거,예지림엔터테인먼트,2012-10-18,영국,90,61158000,9346,다큐멘터리,전체관람가,일반영화
216,217,2012,아이언 스카이,티모 부오렌솔라,(주)팝파트너스,2012-10-25,핀란드,48,60738500,8308,SF,15세이상관람가,일반영화
217,218,2012,금의위 : 14 검의 비밀,이인항,(주)팝파트너스,2012-06-14,홍콩,42,59263000,8589,액션,15세이상관람가,일반영화
218,219,2012,버니드롭,사부,(주)팝엔터테인먼트,2012-05-10,일본,52,54038000,7179,드라마,전체관람가,독립/예술영화
219,220,2012,닌자보이 란타로 극장판 : 시끌벅적 방학숙제 대소동,후지모리 마사야,팝엔터테인먼트,2012-02-23,일본,64,52785500,8185,애니메이션,전체관람가,일반영화
220,221,2012,나루토 질풍전 극장판: 블러드 프리즌,무라타 마사히코,씨너스엔터테인먼트(주),2012-02-23,일본,43,48171000,7273,애니메이션,12세이상관람가,일반영화
221,222,2012,위대한 비행,진재운,롯데쇼핑㈜롯데엔터테인먼트,2012-10-18,한국,33,47993500,8321,다큐멘터리,전체관람가,독립/예술영화
222,223,2012,할머니는 일학년,진광교,(주)나이너스엔터테인먼트,2012-05-24,한국,33,39607500,6287,가족,전체관람가,독립/예술영화
223,224,2012,체인징사이드: 부부탐구생활,파스칼 포자두,에이원엔터테인먼트,2012-10-04,프랑스,73,32076500,4924,멜로/로맨스,15세이상관람가,일반영화
224,225,2012,장화신은 고양이 디 오리지널,"제롬 데스챔프,파스칼 헤롤드,마차 마케이에프",에이원엔터테인먼트,2012-05-03,프랑스,47,31767500,4923,애니메이션,전체관람가,독립/예술영화
225,226,2012,요나요나 펭귄,린 타로,(주)넥스트엔터테인먼트월드(NEW),2012-01-12,일본,53,30973500,4753,애니메이션,전체관람가,일반영화
226,227,2012,더블,마이클 브랜트,에이원엔터테인먼트,2012-11-29,미국,33,28004500,4068,범죄,15세이상관람가,일반영화
227,228,2012,로봇,S. 샹카르,프리비젼엔터테인먼트,2012-04-19,인도,37,25705000,3504,SF,15세이상관람가,독립/예술영화
228,229,2012,강철의 연금술사 : 미로스의 성스러운 별,무라타 카즈야,예지림엔터테인먼트,2012-01-26,일본,37,24368000,3441,애니메이션,12세이상관람가,일반영화
229,230,2012,에스엠타운 라이브인도쿄스페셜에디션3D,유호진,(주)에스비에스콘텐츠허브,2012-10-11,한국,63,18130000,1652,공연,전체관람가,일반영화
230,231,2012,단델리온 더스트,존 건,주식회사 마운틴픽쳐스,2012-05-10,미국,31,17482000,2579,드라마,12세이상관람가,독립/예술영화
231,232,2012,뉴타입 히어로 얏타맨,"히시다 마사카즈,사사가와 히로시",예지림엔터테인먼트,2012-06-21,일본,39,14417500,2368,애니메이션,전체관람가,일반영화
