순번,순서,영화이름,관람객평점,댓글
38,1,인천상륙작전,5.0,"전문가들이 저따위로 평가를 해놓다니... 전문가로서 부끄럽지도 않나?  고작 한줄로, 전문적이지도 않고 초등학생들이 쓸만한 글로 전문가 행세를 하다니 참.. 부끄러운줄이나 아세요.. 맥아더를 내세우는 영화라기 보단 ..."
38,2,인천상륙작전,5.0,그래도 이러한 역사가있었다는 것을 돌아보게 해주어서 뭉클햇음
38,3,인천상륙작전,5.0,인천 상륙 작전하면 맥아더장군이 먼저 또올랐다9.28 수복으로 시청에 내걸리던 태극기와 시민들 모습.하지만 이름없이 죽어간 이들이 없었다면 가능했을까?전쟁 영화 별로 안 좋아하는 내게 감동을 선사한 영화다
38,4,인천상륙작전,5.0,일찍부터 보고 나오는길~ 진짜 꼭 한 번 봐야하는 영화인듯하다
38,5,인천상륙작전,4.0,평점믿지마요 방금보고왔는데 평점이 죄다 알바라는이유를알겠음
38,6,인천상륙작전,5.0,오랜만에 진짜 재밌게봤다 이런 영호ㅓ가 좀 더 많이 나왔음 좋겠음
38,7,인천상륙작전,5.0,북괴 짱깨 러시아 독재 꺼져라ㅡㅡ
38,8,인천상륙작전,5.0,엄청난 감동과 긴장감 넘치는 첩보작전
38,9,인천상륙작전,5.0,너무 보고 싶어서 조조로 봤음 배우들 연기가 ㄷㄷ 의미있는 영화다 진짜
38,10,인천상륙작전,5.0,병원 납치장면은 정말 손에 땀이 날 정도로 긴장 돋음! 최고!!이정재 존 멋~~~
38,11,인천상륙작전,5.0,예매할때 평점3점대여서 기대안해서 그런지 더재밌었다. 전쟁을다루긴했지만 첩보영화에가까워서 스릴있다. 잔인한전투장면이나 북한군의 잔혹한모습이 아닌 호국선열들의 모습으로 보는내내가슴으로울게만드는영화이다.맥아더장군이마지막...
38,12,인천상륙작전,5.0,영화는 보고 말해라 진짜 존잼이구만
38,13,인천상륙작전,5.0,나라를 위해 목숨을 바친 숨겨진 영웅들에게 바치는 영화!
38,14,인천상륙작전,4.0,볼만한 영화네요 걱정과다르게 재미있었어요
38,15,인천상륙작전,4.0,두번 다시 없어야 될일 국력키워 부국강병하구 애국심 고취
38,16,인천상륙작전,4.0,"비행기로 대좌를 묶어서 데려간거에서 어이없었고;; 나머지 부분은 괜찮았음. 정전일에 맞춰 개봉한 거도 노린건지 몰라도 의미도 컸음. 이정재, 이범수, 리암니슨 연기 좋았음!"
38,17,인천상륙작전,5.0,영화 재미있게 잘 봤어요ㅎ
38,18,인천상륙작전,5.0,우리나라의 역사를 다시 되새기면서 봐서 재미있엇습니다
38,19,인천상륙작전,5.0,작은 성공 확률에도 승리로 이끌기 위한 호국전사들의 활약에 박수를 보내고 싶습니다. 특히나 오늘이 6.25 정전 휴전협정을 맺은 날인 만큼 뜻깊은 관람이었습니다.
38,20,인천상륙작전,5.0,이러한 군인들이 지켜 줬기에 현제 우리가 행복할수 있구나..
38,21,인천상륙작전,5.0,지금 우리가 누릴수 있는 자유는 그냥 얻어진 것이 이니라  대한민국을 위해서 희생하신분들에 의해서 이루어진것이라고 다시 한번 느낍니다.
38,22,인천상륙작전,5.0,긴장감 넘치고 지루함 못느꼈어요재밌어여ㅎㅎ이정재 리암니슨 넘나 멋짐
38,23,인천상륙작전,4.5,언론평이였나 읽고서 별기대안했는데 진짜 엄청난영화bb
38,24,인천상륙작전,5.0,이건 천만영화다 알바에 속지마라
38,25,인천상륙작전,4.5,추성훈나와서 놀람 ㅋㅋ
38,26,인천상륙작전,5.0,하. . 역시. . 와이프랑 딸래미 때운에 눈물훔치느라 죽는지 알았네. . ㅜㅜ 마지막 조명탄 터질때 눈물샘터짐. . 간만에 돈안아까운 영화군요. . 추천합니다!
38,27,인천상륙작전,5.0,기대하다가 개봉하자마자 봤는데 역시 최고!!! 또 보고 싶어요~~!!!
38,28,인천상륙작전,4.5,평점보고 실망하고 들어갔는데 생각보다 너무 재밌어서 넘만족^^
38,29,인천상륙작전,5.0,뭔가 뭉클한 감동과  안타까움~유일한 분단국가  한반도의 슬픈 역사와 목숨을 걸고 희생하신 분들에 대한 고마움과 또 북한이 아닌 대한민국에 태어나 누리는 자유와여유..기타  여러가지등에 새삼 감사해야 한다는 것~.....
38,30,인천상륙작전,5.0,이정재는 둘째치고 리암 아저씨 존재감 대박.. 왤케 멋있음..?!? 엄빠 모시고 한 번 더 볼만한 영화네요!
38,31,인천상륙작전,5.0,"재미있네요, 감동도 있구^^"
38,32,인천상륙작전,4.0,역사에 관심 있다면 볼 만 항 영화.
38,33,인천상륙작전,4.0,끝이 너무짧아 아쉽게느껴졌네요. 이영화를보며 다시한번 나라를지켜주신 모든 ... 이름모를 선대분들의 감사함을 느끼고 갑니다.
38,34,인천상륙작전,5.0,간만에 울컥했습니다 강력추천
38,35,인천상륙작전,5.0,배우들 연기가 정말 대박입니다!! 리암 니슨도 대박
38,36,인천상륙작전,5.0,기대했던거보다 더 괜찮고 재밌게봄
38,37,인천상륙작전,5.0,재밌습니다 재미없다는사람은 어떻게 본지 모르겠지만 재밌게 봤어요
38,38,인천상륙작전,5.0,"이게 망작이라고요??  웰메이드 영화던데요. 스토리, 전개, 배우들의 연기 등 별로 흠잡을게 없었습니다. 영화를 영화로 보지 않고 정치적 유불리를 따져가며 영화를 보는 정치충들은 평론도 하지말고 평점도 매기지 말아주..."
38,39,인천상륙작전,4.0,진짜 재밌게봤어요 한번더 집중해서 볼거에요
38,40,인천상륙작전,5.0,6 25전쟁의 전환점을 보여준 인천상륙작전에 대해 다시 상고할수있었습니다
38,41,인천상륙작전,5.0,감동적이네요     재미나게  봤습니다
38,42,인천상륙작전,5.0,정말 감명 깊은 영화 입니다
38,43,인천상륙작전,5.0,울딸이 무서웠지만 즐거웠대요 우리나라가  이겨서요
38,44,인천상륙작전,4.5,영화 지루하지않고 재미 있어요초등학생 중학생들 보면 좋겠네요실화를 바탕으로 만든 영화라 더 감동적이었습니다
38,45,인천상륙작전,4.0,그럭저럭 볼만했습니다
38,46,인천상륙작전,5.0,대한민국을 공산주의로부터 지켜주셔서 감사합니다ㅠㅠ 빨갱이는 진짜 싫어요ㅠ
38,47,인천상륙작전,5.0,최근에본 영화중에서 젤 괜찮은것 같아요
38,48,인천상륙작전,5.0,영화자체는 나쁘지 않아요.단순히 성향 때문에 그냥 1점 테러하는건 아닌듯해서 별10점 주고 갑니다.제 주관적 별점은 8점입니다.
38,49,인천상륙작전,3.5,전쟁장면이나 상륙작전의 웅장함은 잘표현했다고 생각된다. 하지만 6.25 전쟁의 아픔과 그 속에서의 애절한 감동이 부족하다는 생각이 든다.
38,50,인천상륙작전,5.0,정말 너두 재미있었고무엇보다도 6.25전쟁에 대해서다시 한번 생각하는 계기가 됬습니다최고
38,51,인천상륙작전,5.0,"배우부터 시작해서 우리나라역사까지 완벽했습니다.명품연기에 명품역사 , 예고편은 예고편일뿐이였습니다.인천상륙작전을 보시는 모든분들께 감동을 예고합니다"
38,52,인천상륙작전,4.5,재밌다 개인적으로는 한번 더 보고싶은영화다
38,53,인천상륙작전,5.0,최근영화 본것 중에 최고!!?  꼭 보세요
38,54,인천상륙작전,5.0,평론가 평점 이해가 안됨ㅋ평론가한테 알바비안준듯ㅋ
38,55,인천상륙작전,5.0,전쟁의참혹함과 유공자들의 희생이느껴지는영화 슬프고감사했다
38,56,인천상륙작전,5.0,평론가 평점이 너무 낮아서 볼까 말까하다가 봤는데 생각보다 너무 괜찮던데요? 저는 펑펑 울다 나와써 영화 끝나고 다들 저랑 엄마 얼굴 확인하고나감... 꼭 보세요!! 우리가 살고있는 이 땅이 얼마나 숭고하게 지켜진 ...
38,57,인천상륙작전,4.5,인천상륙작전을 가능케한  결사대원들자신보다 조국을선택한 그들이있었기에 오늘 우리가있는게 아닐까싶습니다감명깊게 봤습니다
38,58,인천상륙작전,4.5,우리민족의 정신을 다시한번 새길 수 있고 우리 윗세대 분들을 공경할수있는 마음이 생기게 하는등 여러 생각을 가져다 주는 영화였다 요즘같은 어려운 이영화를 보고 국민들이 올바른 생각을 더많이 갖고 살게되는 계기가 되었...
38,59,인천상륙작전,4.0,부산행 보다는 내용이 잼있음
38,60,인천상륙작전,5.0,배우들 환상조합! 또 보고 싶어요ㅎ
38,61,인천상륙작전,5.0,완전 재밌었어요~^^
38,62,인천상륙작전,5.0,잘봤습니다. 슬플거같다고 생각은하고 들어왔는데 진짜 펑펑울면서 봤네요.. 호불호가 많이 갈린다고들 하던데 저는 호 인거 같습니다. 정말 재밌었어요. 또 볼기회가 생긴다면 흔쾌히 한번 더 볼 것 같습니다.
38,63,인천상륙작전,5.0,이정재의 연기력이넘좋았어요
38,64,인천상륙작전,4.5,단연 멋지고 감동적 이였습니다.이정재 이범수 정말 멋있었고박철민 씨 마지막 장면에 살짝 눈물이 글썽..!!조연이지만 정말 연기는 주연과 같았습니다.오늘부로 박철민씨 팬 해야긋네요 ㅎㅎ
38,65,인천상륙작전,5.0,지루한줄 모르고 재미있게 봤습니다 다만 맥아더장군분량이 너무적네요...
38,66,인천상륙작전,5.0,넘나 좋음!! 생각한 딱 그정도긴 했지만
38,67,인천상륙작전,5.0,넘 감동적이었어요 목숨 걸고 나라를 위해 싸우며  인천상륙작전으로 우리가 이렇게 편안하게 살수 있다는게 감사였고 감동이었습니다이런 영화가 많이 만들어져 우리와 자라나는 다음세대 자녀들에게도 나라 사랑하는 마음이 더욱...
38,68,인천상륙작전,4.5,넘 감동했어요~ 가슴도 뭉클하고  많은 희생자들께 감사드립니다
38,69,인천상륙작전,5.0,재밋어요 꼭보세요ㅎㅎ
38,70,인천상륙작전,5.0,볼만함.강추강추강추강추강추
38,71,인천상륙작전,5.0,안보면 최소 빨갱이 진심 평론가들 무뇌충인듯 평점 100점만점에 100을줘도 모자람
38,72,인천상륙작전,4.5,철민이형 멋있더라. 스토리상 조금 매끄럽지 않은 부분도 있었지만 이념을 떠나서 볼만한 영화. 평론가들 평점은 이해불가.
38,73,인천상륙작전,4.5,초반에 살짝 지루했지만 뒤로 갈수록 재밌게봄
38,74,인천상륙작전,5.0,절대 3점짜리 영화는 아니다
38,75,인천상륙작전,5.0,조조로 보고 나왔다.. 도서관 가는 길.. 그 분들이 있었기에 아무 걱정없이 공부하러 갈 수 있다는 사실에 감사함을 느끼며 난 오늘도 한국사를 공부하러 간다 기승전공시충
38,76,인천상륙작전,4.0,애들이랑 같이 조조보고왔어요..잼나게 보고가요~~
38,77,인천상륙작전,5.0,진짜 감명깊게 봤습니다.
38,78,인천상륙작전,5.0,끝나고 엔딩크레딧 올라갈때박수치고싶었어요 재밌다고 표현하는 것보다 매우 감명깊게 봤습니다
38,79,인천상륙작전,5.0,몇군데 장면에서 눈물 흘릴뻔했네요 아니 알바가 아니라 진짜 친구랑 보고나오면서 여운이 가시지 않은 영화였는데 저만 그렇게 생각할줄은 몰랐네요.... 사람마다 다른듯
38,80,인천상륙작전,5.0,한순간도 눈을때지못햇습니다 몰랏던우리나라의 숨겨진영웅들을 알게되어서 참좋앗습니다
38,81,인천상륙작전,5.0,정말 감동적이고 우리가 있게해주신 조상님들께 감사하단 생각밖에 안들었습니다 다시한번 감사드립니다
38,82,인천상륙작전,5.0,참전 영웅분들 정말 감사합니다ㅠㅠㅠ
38,83,인천상륙작전,5.0,박진감 넘치게 봤습니다
38,84,인천상륙작전,5.0,시간엄청빨리가고진짜재밌는데 댓글에 낚여 안볼뻔
38,85,인천상륙작전,5.0,평점이 낮은 이유를 모르겠네요 :)배우들 연기도 괜찮고 내용도 굿뜨 영화전개도 빨라서 지루함 전혀 느끼지 못할정도로 꽤 재밌게 봤네요~몰입도도 좋고.. 왜 평점이 낮을까 도통이해안됌ㅜㅜ 숨은영웅을 되새기며 부모님모시...
38,86,인천상륙작전,4.0,굉장하다까진 아니어도 볼만했다 정도는 됬다고 본다돈은 안아까웠다
38,87,인천상륙작전,5.0,평점 십점만점을 줘도 안아까운영화 처음으로 영화관에서  사람들박수침~~ 희대의 역작으로남길...
38,88,인천상륙작전,5.0,정말감동입니다...
38,89,인천상륙작전,5.0,너무너무나재밋는것~
38,90,인천상륙작전,4.5,엄청재미있게봤어요강추
38,91,인천상륙작전,5.0,2016년 최고의 영화
38,92,인천상륙작전,5.0,마지막에 너무 뭉클했습니다 ㅠ 감사한 마음을 갖게 됨
38,93,인천상륙작전,5.0,평점 쓰레기로 준사람 진짜 다 빨갱이에요 꼭봐요
38,94,인천상륙작전,4.5,감동깊었습니다. 역사의 뒤안길에 묻힐뻔한 그러나 절대 묻혀서는 안될 그분들께 깊은 감사드립니다. 그런분들이 계셨기에 지금의 평화가 지켜집니다. 또한 리암니슨님의 진심어린 연기 감동이었습니다^^
38,95,인천상륙작전,5.0,역사의중요성! 정말재밌어요
38,96,인천상륙작전,5.0,대한민국을 위해 목숨바쳐 희생하신 투사분들께 진정 감사하며 전쟁 없는 나라에서 사는 내가 행복하다 느꼈다. 가슴이 먹먹해 지는 영화. 평점이 왜 있어야 하는가 이해가 안된다. 판단할수 있는 영화가 아니다.
38,97,인천상륙작전,5.0,시간가는줄 모르고봣네여 겁나재밋음
38,98,인천상륙작전,4.5,후반부에 눈물주의보고나서 여운남음
38,99,인천상륙작전,4.5,부모님 세대 이야기로 듣다 다시끔 생각하게 합니다잠깐 싸우는신에 추성훈인가 끝나고 검색하니맞더라구요!^^
38,100,인천상륙작전,5.0,오랫만에 제대로 된 영화를 본거 같네요
51,1,형,5.0,솔직히 근래본 영화중에 케미는 젤 좋았음ㅋㅋㅋㅋ갠적으로 럭키보다 잼나게 봤어요
51,2,형,5.0,도경수 눈 안 보이는 연기 너무 잘했어요 눈물 펑펑 쏟았어요ㅜㅜ
51,3,형,5.0,기대 안하고 봤는데 배꼽빠지게 웃고 눈물콧물 쏙빼고왔네여가족친구들과 가볍게 보기 좋아요
51,4,형,5.0,진짜 두 분 다 연기 너무 잘했고 경수야 수고했어 조정석님도 수고하셨습니다! 처음부터 계속 재미있다가 마지막에 진짜 너무 펑펑 울었네요 형 대박나자!
51,5,형,5.0,울다 웃다 울다 웃다 무한반복했네요. 도경수가 생각보다 연기 잘해서 놀랐어요!! 조정석은 뭐.. 완전 킹왕짱!!! 꺄우.
51,6,형,4.5,아이돌 출신 배우라고 말하지 않으면 모를만큼 굉장한 도경수의 연기력과 경력있는 배우 조정석의 눈물나는 연기.. 진짜 5번의 고비ㅜㅜ 황홀했다
51,7,형,5.0,간만에 개꿀잼 영화!! 조정석은 완전 납득이의 귀환ㅋㅋ왤케웃곀ㅋ
51,8,형,5.0,악 두배우 넘나 사랑스러움 진짜 ㅋㅋ 웃다가 울다가 아주그냥 ㅠㅠ 넘나 재밌었어용
51,9,형,5.0,개꿀잼 진짜 큰일납니다
51,10,형,5.0,"뻔한신파라는거 알고 울지않으려고 갔는데도, 눈물이 나오네내용 다 뻔한거 알면서도 몰입하게 만드는 두 사람의 연기력,살아있는 연기를 하는 두 배우에게 기립박수라도 보내고 싶다"
51,11,형,5.0,개인적으로 럭키보다 잼잇음 ... 아 슬퍼
51,12,형,4.5,"엄마랑 보러갔는데, 넘 감동적이고 재밌었어요~~!조정석씨 능청스러운 연기 그리고 아이돌인데연기도잘하는 디오덕분에 눈도 즐거웠네요"
51,13,형,5.0,엄마랑 즐거운 데이트 했습니다~ 솔직히 스토리는 조금 뻔하지만 배우들 연기 흠잡을 곳 없이 너무 좋아서 웃고 울면서 봤어요!! 조정석 도경수 박신혜 짱!! 여러분 형 보세요~~~
51,14,형,5.0,정말 감동적이고 이 세상에 태어난 걸 그리고 건강하다는것을 한번 더 크게 감사함을 느끼고 더 소중해진것 겉아요 앞으로 더 열심히 살 수 있을것 같아요 이 영화에게 정말 감사합니다 배우분들도 연기짱ㅠㅠ 스토리도 짱10...
51,15,형,4.5,웃기고 슬프고 재밌어요
51,16,형,5.0,처음 시작과 동시에 끝날 때 까지 눈물 마를 시간이 없었어요 중간중간에 관객분들과 다 같이 빵 터지는 장면도 많았고. 확실히 좋은 배우들이 호흡 맞춰 찍은만큼 좋은 결과가 나온거같아요 보는내내 유쾌하고 슬펐어요. 좋...
51,17,형,5.0,이정도면 연기의 신 조정석!! 웃고 울린 최고의 영화ㅠ
51,18,형,5.0,웃기고 슬픈 재미있는 영화이고 배우들이 너무 잘 어울려서 좋았어요
51,19,형,4.0,클럽에서.. 감사합니닼ㅋㅋㅋㅋ
51,20,형,5.0,욕은 좀 거슬렸지만..뭐뭐..넘 웃기고 감동도  주고...가족이 힘이구나를 정말 다시 느낀 영화예요..거슬린다.뭐하다라는 평을 보고가서 걱정을 했는데저는 개인적으로 모두모두 넘 좋았어요..마지막 엔딩 ost까지.굿!...
51,21,형,4.0,같이간 사람들 모두 즐겁게 관람했네요
51,22,형,5.0,ㅋ 웃다가웃다가..  울다웃다울다웃다  마지막 짧은웃음으로 끝난영화..  역시 조정석하며 보고..  디오 별로 안좋아했는데 ㅋ 쫌 괜찮아짐
51,23,형,4.5,연기 진짜 다 잘하는듯 마냥 웃는 영화일줄 알았는데 숨겨진 감동이 있어서 더 좋았던 영화
51,24,형,5.0,재미와 감동 둘다 있는 좋은 영화였습니다!형제 캐미도 너무 좋고 여운도 많이남네요...!
51,25,형,4.0,조정석의연기는역시  대단했다 많이웃었고울었고 재밓엇다
51,26,형,4.5,"전야개봉 예매해 다녀왔습니다.겨울에 따숩게 보기좋은영화예요.조정석,도경수배우캐미가 기대이상으로 대단하네요.씨익웃음도나고 뜨건눈물.여운도 남고.배우들 연기보는맛도 훌륭합니다.워낙다양하고 유니크해진영화판에 전 이런 우직..."
51,27,형,5.0,조아요 조아요조아요 조아요조아요
51,28,형,5.0,간만에 감동과 웃음을 주는영화네요 좋습니다
51,29,형,4.5,전형적인 한국영화네요 조정석이 열일함 ㅎㅎ
51,30,형,5.0,배우분들 연기 다 너무 좋고... 진짜 진짜 재밌습니다! 또 보러 갈 예정ㅎㅎ
51,31,형,5.0,이 영화는 진짜 감동도 있고 재미도 있고 배우가 캐릭터에 딱 맞게 잘 연기 한거 같아요 ㅠㅠㅠ 진짜 이건 안보면 후회할 영화라고 생각해요 펑펑울고 나왔네요 진짜 진짜 꼭 보세요!!!!
51,32,형,3.0,조정석연기는 좋으나 납뜩이가 떠오르고 도경수는 의외로연기가좋았음 시나리오는 진부
51,33,형,5.0,조정석 하드캐리 ㅋㅋ 유쾌하게 잘 봤네요
51,34,형,4.0,설정은 진부하나 연기력으로 커버되는 느낌!
51,35,형,4.5,두 배우의  연기가 좋았습니다
51,36,형,5.0,배우들의 연기도 매우 좋았고 영화도 웃음포인트가많아 많이 웃었습니다 조금 뻔한 내용일수도있지만 감동도 있었고요. 저는 오랜만에 좋은영화 한편본거같아서 기분이 좋네요. 같이간 친구들도 다 재밌게 봤습니다
51,37,형,5.0,재밌고 너무 감동적이였어여 저희엄마 마지막에 너무 눈물빼셨어요 마지막이 너무 감동적이었다고
51,38,형,4.0,재밌습니다ㅎ098765
51,39,형,5.0,조정석과 디오의 캐미가 독보입니다.
51,40,형,5.0,여자친구와 둘이 질질짯습니다 ㅜㅜ 박신혜보가 예뿝니다
51,41,형,5.0,너무재밌다 계속웃다가 마지막도달하니 울다가웃다가 계속반복 너무 재밌어서 최고점!!!
51,42,형,5.0,믿고보는 조정석 웃느라정신없었는데 마지막감동은 보너스
51,43,형,3.5,"배우들의 연기는 훌륭했으나 너무 뻔한 스토리와 약간 억지의 웃음코드. 볼만은 하나, 수작은 아니다."
51,44,형,5.0,재미를 생각하고 봤는데 재미도 재미지만 중반부터 눈물이 멈추질 않네요 뻔한 스토리인 것 같은데도 맘을 따뜻하게 해주네요. 웬만해선 안우는데 엄청 눈물흘리고 왔어요. 조정석씨 믿고 본건데 예상못했던 엑소 멤버 그분도 ...
51,45,형,5.0,핵잼웃음과 감동이 있는 영화~ 추천합니다!
51,46,형,3.0,평점보고 보러갔는데의외로 기대이하였어요~조정석 욕이 너무 거슬렸고ㅜㅜ너무 감동을 쥐어짜는 느낌이랄까 그저그냥 볼만은 했어요
51,47,형,1.5,"뻔한스토리, 연기력은 최고"
51,48,형,0.5,"이게 왜 평점이 높은지 이해가 안감,. 뻔한 스토리에  억지 눈물 쥐어짜내기"
51,49,형,1.5,예상되는 전개였지만 여전히 역경을 극복하는 모습은 언제봐도 훈훈 하다 조금 억지스럽긴 하지만...
51,50,형,2.5,클로징 너무 어이없다ㅋㅋ
51,51,형,5.0,형 동생 간에 우애 말안해도 형은 형이고 동생은 동생 형제
51,52,형,5.0,재미 감동 강추예요 ㅎㄹ
51,53,형,5.0,가족들이 다같이 봐도 좋을만큼 괜찮은 영화에요~  갓정석은 말할것도 없고 도경수 연기잘해서 놀라면서 봤어요 조배우가 경수칭찬 엄청하더니공치사가 아니었네요 ㅋ  갠적으로 잼있게 봐서 글 남깁니다 형 꼭 보세요
51,54,형,5.0,여자친구랑 같이 울어버렸네요 ㅎㅎㅎㅎ
51,55,형,5.0,감동의도가니ㅜㅜ끝에넘슬펐어요
51,56,형,1.5,하..넘나별로인것..ㅜㅜ
51,57,형,2.5,진부한 스토리..조정석이 그나마 살렸다
51,58,형,2.5,개인적으로 별로였음. 조정석의 연기는 좋았으나 대사가 너무 유치했음. 눈물도 억지로 짜내려하고
51,59,형,0.5,너무 뻔한 내용.. 뻔한 대사.. 조정석이 다했다.
51,60,형,4.0,도경수 연기 짱 잘해ㅠㅠㅠ
51,61,형,5.0,조정석믿고보는배우라봤는데역시재밌고감동이네요
51,62,형,5.0,재밌다고 얘기만듣고 봤는데 기대이상으로 재밌게 너무  잘봤네요!브로맨스의 케미란 ㅋㅋㅋㅋ
51,63,형,2.5,신파극 잘봤습니다 형이연기가좋아서 맥살잡고 캐리했네요
51,64,형,1.5,조정석은 잘하지만스토리가  억지어거지
51,65,형,0.5,하 억지 감동.. 너무 뻔한 스토리.. 돈 아까웠음
51,66,형,2.5,배우들의 연기력이 아니였다면 폭망했을것 같다.
51,67,형,5.0,연기잘해요 잼따요 ㅋㅋ
51,68,형,4.5,소개팅녀랑 봤어요. 잘 되게 해주세요.
51,69,형,4.5,배우들연기가 푹 빠져들게 하더군요 아들과 너무 재미나게 봤습니다 여운도 남고 감동도 있어서 가족 영화로 추천하고 싶습니다
51,70,형,3.5,울다 웃다 했어요. 3명 다 좋아하는 배우들이라 기분좋게 봤고 멘솔 청년 정말 웃겨요. 조정석님 욕 대사 찰지고 재밌고 많이배웠습니다(...).착한 사람들이 나오는 착한 영화
51,71,형,3.0,"질투의 화신이 이 영화보다 100배 더 재밌다. 시나리오와 연출 BGM 모두 드라마보다 못하다.  작품은 배우 혼자 하는 게 아니라는 걸 다시한번 느꼈다. 뻔한 시나리오, 아쉬운 연출력, 올드한 BGM, 조정석님 보..."
51,72,형,2.5,약간 너무 구식 신파예요
51,73,형,3.5,딱  한국  영화예요  더도말고  덜도말고  ㅎㅎ그냥 뭐  잘생겼어요  ㅋㅋㅋ
51,74,형,4.0,"보는 내내 입가에 미소 짓게 하고, 가슴 뜨겁고 주르르 눈물 흘리게 만드는 영화네요^^ 과하지 않게 웃게 만들고, 울게 만드는 두분 주연배우의 연기 짱입니다!!!!"
51,75,형,5.0,코미디인줄 알고갔다가 펑펑 울고왔습니다ㅠㅠㅠ 웃다울다ㅠㅠㅠ 재밌었어요ㅠㅠㅠ
51,76,형,5.0,감동적이고 웃기고 꼭보세요~!!
51,77,형,4.5,재밌다 울뻔했다 정말로
51,78,형,5.0,배우분들 연기 다 너무 좋고... 진짜 진짜 재밌습니다! 또 보러 갈 예정ㅎㅎ
51,79,형,4.5,웃음과 감동이 함께 잇는 영화였어용!!
51,80,형,5.0,재미도 감동도 있고 가볍게 보기 좋다
51,81,형,5.0,다들 연기 잘하고 너무 재밌게 잘 봤습니다-!
51,82,형,4.0,그냥 보세요 후회안할듯바람이차서 추운데 햇살비춰 기분좋은 오늘 날씨같은 그런느낌 잔잔해서 좋다 오버스럽지않은 조정석 진실해보이는 도경수 두분 다 진짜 잘하네~~~
51,83,형,5.0,"웃기고 감동적인 영화 조정석, 도경수 연기 정말 잘함또 볼껍니다...."
51,84,형,4.5,두 형제가 '가족'으로 거듭나 사랑으로 보듬는 따뜻한 이야기. 빵빵 터지는 코미디보다는 잔잔한 감동이 있는 영화. 마지막 노래와 에필로그가 너무 신파로 빠지지 않게 적절히 마무리. 두 형제의 브로케미와...
51,85,형,4.5,생각못하구봤는데 재밋게봤어요 슬프기도하구 남친이랑 보다 울었네요 ㅜㅎ
51,86,형,5.0,다시보고싶어요ㅠㅠㅠㅠ지금도 생각하니까 눈물이나네요ㅠㅠ너무 웃기면서 가슴아픈영화ㅠㅠㅠ
51,87,형,0.5,영화를 보다 우는 바람에 놀림받았습니다
51,88,형,4.0,조정석 연기정말좋음 자연스러움으로 탑일듯. 도경수 생활연기잘함 웃는게 안어색해서 좋았음.박신혜 연기못하진않는데 나 연기해요의 표본 배우마다 특유의 쪼가 있는데 이 배우는 그게 너무 거슬림감독 영화 왜 만드냐 존나 ...
51,89,형,1.5,관람객 평점 보니 엑소팬들만 봤는가보다... 평점보고 기대는 하지마세요
51,90,형,4.0,예상 가능한 스토리지만 그래도 재밌었다.
51,91,형,3.5,약간 억지 감동 주는 느낌 뻔한느낌그래도 배우들이 연기를 잘해서 볼만했어요
51,92,형,3.5,"뻔한 결말, 억지 슬픔을 유도 하는 전형적인 한국 영화!하지만 주인공들의 연기도 좋았고 캐릭터에 잘 녹아 들었어요. 시간 나시면 한번 보는 것도 괜찮아요.끝날때쯤엔 우는 분들도 있더군요. 어딘가 모르게 먹먹해짐은 있..."
51,93,형,5.0,ㅠㅠ슬펐어요 그래도 재미와 감동 짱
51,94,형,5.0,재밌어요..조정석이랑 경수 진짜 최고ㅠㅡㅠ
51,95,형,5.0,진짜 잘만들었음 엄니랑 같이 봤는데 너무 좋았음 가족들과 같이보면 좋은 영화임
51,96,형,5.0,슬퍼요 쪽팔리게여친앞에서 울뻔했어요
51,97,형,5.0,감동입니다조정석 엄청 웃김 ㅋㅋ
51,98,형,5.0,재미와 감동이 섞인영화! 편히볼수잇어요!
51,99,형,5.0,기대이상이예요! 완전 재밋어요ㅎㅎ
51,100,형,4.5,기다리던 영화가나와서  좋았어요
149,1,내안의 그놈,4.0,박성웅 너무 귀여워 세상귀여워ㅜㅜㅜㅜ정진영 새삼 잘생겼다 느낌 연기도 넘 잘해..재밌었어요 짱짱
149,2,내안의 그놈,3.5,빅웃음은 안터졌는데 진영이 연기를 잘하고 가볍게 보기 좋음 돈아깝단 생각은 안들었음 고구마나 그런게 없으니까 킬링타임용으로 좋은듯
149,3,내안의 그놈,5.0,진영이 매우 잘생긴 영화
149,4,내안의 그놈,5.0,진영 연기 잘하네요~ 다른 배우님들 연기는 말할 것도 없이 영화 시작부터 푹 빠져서 봤습니다!! 가벼운 킬링타임 영화지만 너무 재밌네요 꼭 보세요!!
149,5,내안의 그놈,5.0,제발 누가 진영에 대해서 좀 알려줘여 자꾸 생각나 미치겠어 현망이다
149,6,내안의 그놈,4.5,너무 웃겼고 진영 진짜 잘생겼더라 그리고 이 영화는 좀 분위기 잡는 부분에서도 웃김ㅋㅋ
149,7,내안의 그놈,5.0,엄마랑 같이 보러 갔는데 엄마가 진영한테 빠지셔서 사진을 다운받으시네요 ㅋㅋ 너무 웃기게 잘 보고 왔습니다~!
149,8,내안의 그놈,4.0,넘 재밌게 봤어요 가볍게 보기 좋네요웃다가 살짝 울기도 한..
149,9,내안의 그놈,3.0,요즘 아이돌 연기 잘하네...
149,10,내안의 그놈,3.0,진영 연기 짱!!!너무잘봤어요감동 재미 스토리 다 좋았어요ㅎㅎㅎ흥해라
149,11,내안의 그놈,5.0,구라안치고 진짜 재밌다
149,12,내안의 그놈,5.0,솔직히 이거는 진짜 재밌었어요. 저는 이런 개그가 재밌는듯.
149,13,내안의 그놈,5.0,진짜 보면서 빵빵 터졌다~ 진영연기 잘하는줄이야 알고있었지만.. 어느순간에 박성웅이 진짜 몸안에 들어간줄
149,14,내안의 그놈,4.0,살짝 유치하기도 하지만 재밌어요
149,15,내안의 그놈,5.0,초반은 진영캐리 후반은 김광규 박성웅캐리유치해서 재밋다라는표현이맞는듯 ㅎㅎㅋ재밋게봣습니다
149,16,내안의 그놈,5.0,"넘나 재밌다 그와중에 진영 교복핏에,,반함꼭 보세요"
149,17,내안의 그놈,5.0,진영 너무 잘생겼음 팬 되어서 나옴
149,18,내안의 그놈,4.0,요근래본 한국 코미디 중에 제일 낫더라
149,19,내안의 그놈,5.0,영화 자체가 유쾌해서 좋았어요~~
149,20,내안의 그놈,4.5,재밌다는 후기가 너무 많아서 기대를 해서 그런지 생각보단 재밌지는 않았어요 가볍게 보시기 좋은 영화! 재밌고 지루하지않기는해요 ㅎㅎ
149,21,내안의 그놈,5.0,얼굴 진짜 잘한다. 가볍게 보기좋고 주인공이 귀엽고 재밌고 잘생겼고 잘생겼고 잘생겼고
149,22,내안의 그놈,5.0,진영이가 연기 그렇게 잘하는줄 몰랐단
149,23,내안의 그놈,5.0,진짜 개웃김!!! 개강추!!!!
149,24,내안의 그놈,5.0,"웃기기도 하지만, 감동적인 내용이 눈물도나게합니다. 그리고 액션장면도 매우 훌륭합니다."
149,25,내안의 그놈,4.0,솔직히 기대 이상의 작품
149,26,내안의 그놈,4.0,진영을위한영화 진영팬됨
149,27,내안의 그놈,4.0,정진영 잘생겼어...
149,28,내안의 그놈,5.0,암생각없이웃을수있는영화~~진영이넘잘했음~물론박성웅도~ㅋㅋ간만에마니웃었음~일주일스트레소싹해소함~~~^^
149,29,내안의 그놈,5.0,처음부터 끝까지 웃은 영화는 오랜만이네요
149,30,내안의 그놈,4.0,한국코미디인데 저랑은 좀 안맞지만 진영이 생각보다 연기를 잘했어요
149,31,내안의 그놈,5.0,재밋게 보기 좋음 남주 연기력 너무좋ㄹ음
149,32,내안의 그놈,5.0,진영 ㅠ 빠져버렸습니다ㅠㅠ
149,33,내안의 그놈,4.0,코미디하게가볍긔ㅣ보기좋았어요
149,34,내안의 그놈,5.0,진영을 위한 영화 ㅋㅋ재밋어요
149,35,내안의 그놈,5.0,진영 멋지고 연기 짱~완전 꿀잼~♡
149,36,내안의 그놈,5.0,음 진영 존잘탱 인저ㅏㅇ
149,37,내안의 그놈,4.0,아무생각 없이 봤다가 빵빵터져서 너무 재미있게 봤어요
149,38,내안의 그놈,5.0,기대했던것만큼 재밌어요!
149,39,내안의 그놈,1.0,전형적인 한국형 시간때우기 코미디
149,40,내안의 그놈,5.0,재미있었어요 잊지못할듯
149,41,내안의 그놈,4.5,소소하게 대화하나하나에 빵터지는게 지루함없이 좋았음
149,42,내안의 그놈,5.0,가족들이랑봐도 정말 껄끄러운 내용하나 없고 내내 웃다실성할수잇어서  좋았습니다 앞으로 이런영화 정말 많이 만들어졌음 좋겠어요
149,43,내안의 그놈,5.0,편하게 볼 수 있었던 영화! 즐겁게 봤어요 !
149,44,내안의 그놈,5.0,진짜 진영이 이렇게 연기 잘하는 줄 몰랐어요! 솔직히 스토리는 넘 뻔하네여 눈물 짜게하는 것도 그렇고 근데 진영 연기가 넘 좋았어서 10점 진영 연기 시원시원했습니당
149,45,내안의 그놈,5.0,스트레스 완전 날리고 왔어요
149,46,내안의 그놈,5.0,재밌었어요 기대이상입니다 ㅋㅋㅋ진영 잘생겼어요 꺄
149,47,내안의 그놈,5.0,진짜 볼 영화가 없어서 봤는데 너무 잘봤다는 생각이 드는 영화
149,48,내안의 그놈,5.0,처음부터 끝까지 너무 웃으면서 봣어요 진짜 핵꿀잼..
149,49,내안의 그놈,5.0,다들 배우들 꿀조합 진영 존잘
149,50,내안의 그놈,5.0,재밌었습니다. 진영 연기하는거 처음 봤는데 잘하네요.
149,51,내안의 그놈,5.0,박성웅배우 팬인데 오랫만에 재밌는 코믹영화를 보았습니다ㅋㅌㅋ
149,52,내안의 그놈,5.0,영화는 결론적으로 재밌다 입니다넘어가는 전개도 지루하지도 빠르지도 않고 좋았습니다.가장 인상깊게 본 배우는 요번 영화에서 만철역을 맡으신 이준혁 배우님입니다.  명품 연기였습니다. 하지만 여자친구랑 보러가시는건 추천...
149,53,내안의 그놈,4.5,기대안하고봤는데재밌었슺니다
149,54,내안의 그놈,4.0,액션씬이 되게 멋있고 보는내나 진영 너무 잘생겼어용
149,55,내안의 그놈,5.0,너무 재미있음 진영너무 잘생겼고 연기 너무 잘함 요즘 본 영화중 젤 재미있음
149,56,내안의 그놈,4.5,재밌게 보았습니다. 한 번씩 볼만한 영화 ㅎㅎ
149,57,내안의 그놈,3.0,힐링타임용으로 좋아요
149,58,내안의 그놈,4.5,진짜 너무 웃겼어요  겨속 웃으면서 본 영화임 진영도 무지 잘생김 ㅎㅎ
149,59,내안의 그놈,3.0,로코의 정석...재미짐
149,60,내안의 그놈,5.0,생각보다 훨신 재미있어서 여친이랑 보면서 좋았습니다
149,61,내안의 그놈,4.0,재밌었어요 ^^ ㅋㅋ 가볍게 볼만 했고 남주가 또 볼만했고 다만 예고편에서 너무 많이 보여준듯 ~! ㅋㅋ 그래도 잼나게 봤음요
149,62,내안의 그놈,2.5,예고편만 보세요!!!
149,63,내안의 그놈,5.0,진영 연기잘하네~~~
149,64,내안의 그놈,3.5,그렇게 엄청 재밌진 않다일단 소재가 너무 진부한데 액션으로 대충 커버침진영님 생각보다 연기를 잘하는데 이수민님의 연기가...약간 몰입 방해하는데 큰 역할한듯.. 박성웅님이야 믿고보는배우지만 요즘 필모 딸리는거 보여서...
149,65,내안의 그놈,4.5,보는내내 진영얼굴 감상하게되네요.. 영화도 재밌었어요!! 재밌는거 보고싶으시다면 추천!
149,66,내안의 그놈,3.0,진영연기잘하네요재밌게봤습니다
149,67,내안의 그놈,5.0,웃기고감동ㅋㅋ혼자봐도 잘웃고 잘울다옴
149,68,내안의 그놈,5.0,재밌게보았습니다 뻥뻥잘터지네요
149,69,내안의 그놈,5.0,너무 재밌게 잘 봤다.  역시 박성웅. 진영 최고다 최고
149,70,내안의 그놈,5.0,재밌어요!! 연기너무잘해요!
149,71,내안의 그놈,5.0,아무생각없이보기좋은영화인듯
149,72,내안의 그놈,5.0,진짜 두번봐도 돈아깝지 않을것같아요너무 재밌었어요
149,73,내안의 그놈,5.0,기대 안하고 봤는데 너무 재밌있었어요!
149,74,내안의 그놈,3.0,진영 연기 잘해여 b 웃기고 볼만해ㅛ음
149,75,내안의 그놈,5.0,내안ㅇ니ㅣ그놈!! 엄청 재미있게봤습니다
149,76,내안의 그놈,4.5,멋있다..라는말이절로나옵디다.캬
149,77,내안의 그놈,5.0,가족끼리재밋게보다가유우 ㅎㅎ
149,78,내안의 그놈,5.0,생각보다너무재밌었어요
149,79,내안의 그놈,4.0,재밋엇어요:)  머랄까 역시 진영 존잘이네욯ㅎㅎㅎ
149,80,내안의 그놈,5.0,이준혁 배우님 나온다길래 봤는데 역시 최고십니다 ㅋㅋㅋ스토리도 좋았어요 간만에 웃다 갑니다
149,81,내안의 그놈,4.0,생각보다 너무 재미있게 봤어요~ 그리고 진영이 잘생긴줄 몰랐는데 이 영화보고 참 잘생겼다고 생각했네요~
149,82,내안의 그놈,4.0,재밌는 드라마한편 보고나온느낌
149,83,내안의 그놈,4.0,ㅎ재미있게 편하게 보고왔어요~온가족이 같이~^^
149,84,내안의 그놈,4.0,생각보다 재밌게보아 좋았어요~
149,85,내안의 그놈,4.0,재미로보세요~~코믹영화...
149,86,내안의 그놈,4.0,진영 연기잘하네요^^
149,87,내안의 그놈,4.0,진짜 웃겼어요 배우분들 모두 연기 잘 하시는 것 같아요
149,88,내안의 그놈,5.0,진영이 완전 좋아ㅎㅎ연기 너무잘했어요~~
149,89,내안의 그놈,5.0,진짜 짱재밌어요!!! 계속 웃으면서 재밌게 봤습니다 즐거운영화
149,90,내안의 그놈,5.0,존잼입니다 이야이야호꺄
149,91,내안의 그놈,5.0,배우들 연기도 좋았고 아주재미나게 잘봤습니다.
149,92,내안의 그놈,5.0,"보는내내 너무 재밌어서 계속 웃기만 했습니다 진영이 너무 잘생겼어요 ,,, 너무 잘생겼어요"
149,93,내안의 그놈,5.0,너무 웃기고 재미잇것다
149,94,내안의 그놈,5.0,너너너누너너너무 웃기네여
149,95,내안의 그놈,2.5,킬링 타임이용!! 집에서 보세요
149,96,내안의 그놈,5.0,너무재밌게잘봤어요 진영 연기 진짜 잘함....ㅋㅋㅋ 빵빵
149,97,내안의 그놈,4.0,진영 입덕 영화인거 같아요~ 연기도 나름 좋았고 근데 저는 조금 지루한 감이 있더라구요
149,98,내안의 그놈,5.0,와 진짜 징지하게 볼때쯤 사람웃기네
149,99,내안의 그놈,5.0,재미잇어오ㅠㅠ진영 존잘..
149,100,내안의 그놈,5.0,재밋어요 진영보는맛으로봣네료
9,1,연평해전,5.0,5점을 준 평론가가 대체 이해가 가지 않는다.이렇게 펑펑울다가 온건 처음이다. 지금도 고생하고있는 국군장병 모든분들께 진심으로 감사하다.
9,2,연평해전,5.0,"그들도 누군가에게는 눈에 넣어도 아프지 않을 아들, 사랑스러운 남편, 자랑스러운 아버지였을 것을 생각하니 가슴이 아팠습니다. 차디찬 바다에서 장렬히 산화한 당신들의 숭고한 희생을 잊지않겠습니다. 감사합니다. 편안히 ..."
9,3,연평해전,5.0,애국은 군인만 하는것이 아니다.이 영화 보는 동안 많은 생각이 들었다.지금 그 후손들은 최고의 대우와 최고의 예우를 받으면 살고 있을까?의무와 자발의 차이...그 보상이 너무 크다.국가를 위해 목숨 바친분들인데. 대...
9,4,연평해전,4.5,모두가 축구로 들끓던 그때 나라를 위해 쓸쓸히 죽어간 젊은 청춘들에게 감사함을 바칩니다.삼가고인의명복을빕니다
9,5,연평해전,5.0,"별점보다, 대한민국 국민이라면 봐야 할 영화;; 너무 잊고 살았네요.. 잊지 않아야 할 것.. 바로 이런 게 아닌가 합니다.. 이런 영화들이 더 많이 나왔으면 좋겠네요.. 제작비가 없어 좌절하지 않기를.."
9,6,연평해전,5.0,가슴아픈..뒷줄에 있던 여성분들도 많이 우시더군요 울분..나와같은 이십대 청년들..남겨진 그들의 소중한 사람들..무서운것은 지금 당장 제3의 연평해전이  일어나더라도 전혀 이상하지 않다는것. 전쟁은 아직 끝난게 아닙...
9,7,연평해전,4.5,너무재미있고 슬픈영화입니다
9,8,연평해전,5.0,영화 보면서 눈물이 많이 났습니다... 목숨 바쳐 우리나라를  지켜주신 분들 께  정말 감사드립니다.
9,9,연평해전,5.0,"남자라서 공감되는 부분도 많았고, 실화를 바탕으로한 배우들의 연기력! 감탄사가 절로 나온다."
9,10,연평해전,5.0,모든 국민이 보아야 하는 영화입니다. 눈물을 주체할 수 없습니다.
9,11,연평해전,5.0,정말 가슴 한켠이 뭉클하면서.. 너무 안타깝네요 정말 잊혀져선 안될사건
9,12,연평해전,5.0,해군에 근무하고있어 너무 와닿았고감동적이었어요!!!!
9,13,연평해전,5.0,정말...최고의 영화..그리고 너무 슬픈 영화..아픈 영화..감사합니다 이런 영화를 볼 수 있게 해주셔서..존경합니다 사랑합니다
9,14,연평해전,5.0,생존자인터뷰와 사망자의 사진이 다 나오기전까지 아무도 자리에서 일어나지않았다. 자국의 군인이 죽어나가는데도 월드컵구경간 그 누구는 반성해라
9,15,연평해전,5.0,대한민국 국민이라면 꼭 봐야할 영화. 이 영화를 보고 '130분 과정 예비군 안보교육'이라고 평한 평론가는 어느나라 사람? 연평해전 전사자들 및 참수리 고속정 357에 타고 있던 모든 대원들. 감사합니...
9,16,연평해전,5.0,기대하지않았는데 너무재미졌구요다들멋있지만 진구는 정말정말 환상적인연기였어요 마누라랑 추억지었네요
9,17,연평해전,5.0,"다시 한번 연평해전을 기억할 수 있어 좋았고, 재밌게 봤습니다."
9,18,연평해전,3.5,추천합니다 감동적입니다
9,19,연평해전,5.0,최근봤던영화중에짱이였어염ㅜㅜ
9,20,연평해전,5.0,잊고 있었던 하지만 반드시 기억해야할 일이죠 많이 흥행해서 전국민이 다시 기억할기회가 되길 바랍니다
9,21,연평해전,4.5,너무 가슴이 아픕니다. 얼마나 무서웟을까요? 정말 감사합니다.
9,22,연평해전,5.0,대한민국해군정말 자랑스럽습니딘
9,23,연평해전,4.0,가슴아픈영화네요ㅜㅜ!
9,24,연평해전,5.0,한국사람이라면 꼭 한번 봐야할 영화..
9,25,연평해전,5.0,10점 주는 사람들은 다 알바일거라고 생각했는데 제가 10점을 주네요?실화속 주인공들의 희생정신과 책임감 ? 그대로 그때 현장을 재현해낸 연출력에 감동의 점수를 주고싶습니다?
9,26,연평해전,5.0,반드시 봐야할 영화 입니다
9,27,연평해전,5.0,너무 슬펐고 제가 해군 출신인데 너무 공감되고 마음도 울적하고 좋은영화였습니다 이 영화로 많은 사람이 연평해전에 대해 많이들 알았으면 좋겠습니다!
9,28,연평해전,5.0,이건 진심 3번봐야됨... 보고 이렇게 운 영화는 진짜 오랜만인듯...선배님들 감사하고 죄송합니다.
9,29,연평해전,4.0,잘보았습니다 호국의달에
9,30,연평해전,4.5,아들갖은  부모로서 너무너무  먹먹한 가슴에 계속 눈물이 흘렀습니다.. 지켜주셔서 감사합니다. 그리고 그동안 잊고있어서 미안했습니다?다시한번 감사드립니다...
9,31,연평해전,5.0,볼만해요. 너무 울어서 눈이 따갑네요.모두들 보시길. 강추합니다.순직하신분들 젊은 나이에 안타깝고그 숭고한 희생에 감사하고 맘 아픕니다 ㅠ
9,32,연평해전,5.0,진짜 말이 필요없다 보는시간동안 감동이였다 역대급 영화인것같다 내생에 잊지못하걸같은 명작이다
9,33,연평해전,5.0,대한민국 해군 화이팅!
9,34,연평해전,5.0,재밌었어요 그마지막의 감동기억하죠
9,35,연평해전,5.0,실화라서 더감정이입되고 배우들의연기도탄탄해서좋았던것같아요
9,36,연평해전,4.5,해군이었던남자친구가시커멓게타서흰군복을입고휴가나오던때가 생각이났다. 영화가끝날때쯤 알수없는 기분에 남자친구와 연신 눈물을 닦았다. 유난이라고 할지 모른다. 아무렴 !이 땅위의 모든 군인에게 마음깊이 감사합니다 그대들...
9,37,연평해전,5.0,그때는 아무것도 모르는 중학생때 월드컵만 응원한 내자신이 창피해지는 영화였다 나보다 더 어린친구들이 꼭 한번쯤은 봐줬음하는영화
9,38,연평해전,3.5,영화 자체만 보자면 그냥 돈아깝지 않을 정도의 영화입니다. 하지만 그들의 희생을 생각한다면 10점 그 이상의 영화예요
9,39,연평해전,3.5,"연평대전에 대해서 알고 봤음에도 불구하고 영화로 보니 더 화가나고, 많이 슬펐던영화에요"
9,40,연평해전,3.5,마음이 많이 아푸고  애국자는아니지만 화가납니다
9,41,연평해전,5.0,잃어버린 10년에 희생당한 6인의 국군용사...영화를 보는 내내 눈물이 줄줄 흘러내립니다.복받쳐 오르는 눈물이 아니고그냥 하염없이 눈물이 납니다.이 나라를 지키고 있는건입으로만 국민 입으로만 민주주의를 외치는종.북....
9,42,연평해전,5.0,북한은 우리의 주적이라는걸 명심해야 합니다.
9,43,연평해전,5.0,안보에 좌우는없다  대한민국 군인분들께 다시한번 감사드린다
9,44,연평해전,5.0,그냥 흥행했으면 좋겠다 배우고 재미고 다 떠나서 잊지말아야 할 이야기를 다뤘다는 것에 큰 의미가 있다고 생각한다
9,45,연평해전,5.0,군필자 남자분들이라면 군대라는 곳에서의 전우애 또 가족 애인에 대한 그리움 등등 이런거 다 아실텐데 정말 사무치게 슬프고 햇볕정책을 추구한 ㄱㄷㅈ 대통령에 대해 너무나 회의감이 드는 영화네요 추모식에 해군참모총장만 ...
9,46,연평해전,5.0,2002 월드컵때 거리응원하며 축제분위기에 마냥 즐거웠던 우리들...반성하게만드는 가슴 먹먹한 영화네요. 역시..명량에이어서 윗사람들의 판단과행동이 얼마나중요한지를 한번더 생각하게하는 영화.
9,47,연평해전,4.5,분단의 현실이 실감나고 전쟁은 공멸이라는 생각과 가족을 잃은 분들의 아픈 마음이 전해옵니다..
9,48,연평해전,5.0,봐야 할 영화. 왜? 몰랐으니까.
9,49,연평해전,5.0,어쨋든 이 분들이 계셔서 내가 살아있고 그냥 잊혀져서는 안된다는 사실을 알 수 있었다. 마지막부분에서 내가 보고있는 상영관에서 훌쩍이는 소리가 계속 들렸다. 나만 느낀 감정이 아니라는 것이다.
9,50,연평해전,5.0,보다가 화나긴 처음이네요....
9,51,연평해전,5.0,2002년 월드컵에만 집중했던 그시간이 너무 괴로울정도로.. 연평해전 357 .. 잊지않겠습니다..
9,52,연평해전,4.0,슬퍼요ㅠㅠ슬퍼요ㅠㅠ
9,53,연평해전,5.0,눈물이 멈추질않았다. 2002년때 분노해야하는데 이제와서야 분노하는게 너무 억울했다.
9,54,연평해전,5.0,처음에는 그냥 편안한 마음으로 보게되었는데 연평해전전투신이 시작하자 저도 모르게 긴장감과 쓰러지는 전우들을 볼 때는 저도 모르게 눈물이 나기 시작했습니다. 대한민국  국민이라면 꼭 봐야 되고 잊어서는 안되는 인보 중...
9,55,연평해전,4.0,너무 어린시절이라 제기억에는  2002년은 한일월드컵밖에 없었습니다 ㅠㅜ 영화가 나오지않앗다면 저는 관심도 같지않았었겟죠 ㅠㅜ 영화 정말 슬프더라구요 지금 이시간에도 나라를 위해 힘써주시는 국군장병여러분 감사합니다
9,56,연평해전,5.0,슬프고 북한은 아무리생각해봐도 답이없는나라같다. 한민족이라는게 쪽팔린당
9,57,연평해전,4.0,아마지막 정말 슬퍼요ㅠㅠ
9,58,연평해전,4.5,웃길땐 웃기고 진구랑 이현우의 사이도 보기좋았고 전투할땐 가슴이 먹먹한 그런감정을 느낄수 있었습니다 볼만한영화였엉ㅅ
9,59,연평해전,5.0,눈물콧물다뺀영화였어요2002년이런사건이있는지도모르고축구에열광했던제가미워졌던순간이었습니다.재미를떠나마음한켠이아련하니슬프고감동적인영화였습니다.연평해전에계션던또는전사하셨던모는장병님들감사하고늦은고의명복을빕니다.유가족분께도이...
9,60,연평해전,5.0,처절한 생사의 갈림길에서  뜨거운 전우애와주검으로 살신성인 정신으로  우리나라 국민들이 월드컵경기를 평안하게 관람  할수있는 안전을 선물로준 장병들에게 힘찬박수와  고인들의 명복을 빕니다
9,61,연평해전,4.0,재밋고슬프고괜찮네요 화이팅입니당
9,62,연평해전,5.0,눈물을 참으면서 보게되네요. 꼭 보세요
9,63,연평해전,5.0,이렇고 저런걸 다 떠나서 이 영화가 나왔다는게 의미있다.
9,64,연평해전,4.5,재미있어요 돈이안아까움
9,65,연평해전,5.0,6.25를 기념하여 아내와 함께 눈물짜며 봤습니다 역사적인 사실을 영화화한 제작진에 감사드리고 국민 모두 꼭 봐야할 영화입니다 위정자의 잘못이 꽃같은 나이의 청년들을 죽음으로 몰아낸 엄청난 사건이 이땅에 다시는 재발...
9,66,연평해전,5.0,마지막까지 자리를 뜰수가 없었습니다 아까운젊은이들ㅜ 일크게 만들지말라고하면서 축구관람하러가신 그분 진짜  욕나옵니다
9,67,연평해전,5.0,정말 최고의영화.. 최고
9,68,연평해전,5.0,아주 좋아요. 짱짱 재밌어요
9,69,연평해전,5.0,다끝난줄알앗는데 마지막에 살아계신분들의 증언과 돌아가신분들의 사진이 올라오면서 감동이 배가됫던 영화엿던것 같다우리가월드컵에 열광하고잇을때 바다에서 우리나라를 지키기 위해 순국하신분들의 생각을 다시한번해본기회가 되엇다...
9,70,연평해전,5.0,해군 전역자로서 정말 동감하지 않을수 없었고..전투씬부터 영화가 끝날때까지.. 눈물을 참느라 너무 힘들었습니다.대한민국 해군 화이팅.대힌만국 화이팅.
9,71,연평해전,4.0,보고나오면 먹먹한영화
9,72,연평해전,5.0,너무 오래기다려서  본 영화이고  억지스럽게  만들어낼려하는 모습이 없어 좋았습니다 그냥 보여주고  느끼는건 자신만의 몫인  담담한 영화라 좋았습니다
9,73,연평해전,5.0,"북한정권과 북한군, 그리고 이를 추종 및 지원하는 세력들은 전부 자유민주주의 대한민국의 주적이며 무조건 척결해야 한다."
9,74,연평해전,5.0,방금보고왓는데 우리나라를안전하게지켜주신여러분 삼가고인에명복을빕니다 잊지않겠습니다 특히 고 한상국님 마지막까지최선을다하는모습본받겠습니다
9,75,연평해전,5.0,가슴아프네요.평점을 이성을 갖고 줄수없네요
9,76,연평해전,4.5,영화조조보ㅏㅅ습니다?보는내내?가슴이 뭉클~~^^대한민국 국민이라면 한번쯤 봐도 조을듯추천 드립니다?
9,77,연평해전,4.5,재미 액션 감동 따지지말고 그냥 봐라 숙연해지게이영화는 다른 6.25전쟁영화보다 왠지씁슬하다군대 지원 반대하는 고위층 장관 님들. 꼭보세요
9,78,연평해전,5.0,군대생각이 나게하는영화
9,79,연평해전,5.0,대한민국  지켜주셔서 고맙습니다
9,80,연평해전,5.0,연평해전이영화는 월드컵당시 잊혀지고 아니 모르는국민이 많았던 가슴아픈해전을 그린영화...
9,81,연평해전,5.0,영화 잘 봤습니다.  ㅠ 너무 슬프네요
9,82,연평해전,4.0,눈물나네요 .감동적이었어요
9,83,연평해전,4.0,우리나라군인들참멋있네요 최고입니다
9,84,연평해전,5.0,평생 잊지 않아야 한다.
9,85,연평해전,4.0,호국보훈의달에 어울리는 영화에요
9,86,연평해전,5.0,흐아ㅜ 눈팅팅 슬프도다..
9,87,연평해전,5.0,나라를 위한 그 숭고한 희생에 감사드립니다.고작 열일곱 어린 저지만 한 말씀 드리자면여러분들이 있어서 저희도 있습니다. 정말 감사합니다 그리고 이제서야 관심 가져 죄송합니다.
9,88,연평해전,5.0,빨갱이들이 싫어합니다.
9,89,연평해전,5.0,우리나라 국방부 지휘에 통탄을 금치못함. 위험상황을 쉬쉬하며 숨기고 당하기 전엔 쏘지말라는 가당찮은 명령은 그냥 가서 죽으란 소리지 않나. 죽고나서 태극기 씌워주면 뭐하나. 보는 내내 분노했다
9,90,연평해전,4.0,최고의 영화였습니다 눈물이 주루룩
9,91,연평해전,5.0,통일이라 다시 생각해보고싶다 정말 유치한 생각이지만 ...공군 해군 육군 ...존경합니다 ..이영화야말로 천만관객넘었으면 좋겠습니다
9,92,연평해전,4.0,우리나라는 휴전중입니다
9,93,연평해전,5.0,감동적인 영화였습니다.
9,94,연평해전,5.0,우리바다를 지키기 위해 전사하신 장병들께 감사하고 죄송합니다. 그 은혜를 기억하는것이 대한민국 국민의 도리가 아닐까 합니다 또한 이러한 분들을 푸대접하고 입틀어막기에 급급했던 이러한 정권은 누구를 위한 권력이었는지 ...
9,95,연평해전,4.5,넘 슬프면서  전우애가  실감남~~
9,96,연평해전,5.0,최고의영화입니다~~!!!꼭보세요
9,97,연평해전,5.0,이 영화보고 보고 욕하는 사람들은 이땅에 살 자격도 없는 인간들이다. 우리를 지켜준 사람들의 이야기를 귀기울여 들어주지 못하는 사람이 무슨 염치가 있어 이 땅에 발 붙이고 살아갈 자격이 있는가....진정 우리나라에 ...
9,98,연평해전,5.0,꼭 한번 봐야 할 영화입니다.
9,99,연평해전,4.0,슬펐어요 감동적이구ㅜㅜ 우리나라가 너무 힘이약해보여서 속상하네요
9,100,연평해전,5.0,"이제라도 우리 대한민국 자랑스러운 군인들, 국민들 건강하게만 해주세요 이런 명작볼때마다 실제로 내 가족 생각하며 울부짖었을 여러 소리에 가슴이 미어집니다ㅜ"
63,1,공조,5.0,애인이랑 영화를 보고나와서 맥주를 먹는데 안주가 필요없대요 현빈을 보고난후 절 보니 오징어같다고 마요네즈 가져오라네요...
63,2,공조,5.0,"현빈의 액션은 볼수록 멋있었고, 유해진은 갈수록 웃김ㅋㅋㅋㅋ 둘의 케미도 최고였다"
63,3,공조,5.0,아... 현빈....
63,4,공조,5.0,현빈 얼굴이 너무 잘생겨서.진짜  잘생겨따.갈수록 잘생겨지는듯
63,5,공조,5.0,넘나 기분좋게 보고 나왔네요 ㅋㅋㅋ 현빈 유해진 뜻밖의 케미 ㅋㅋㅋㅋ 담주에 엄빠도 보여드림 좋을듯
63,6,공조,5.0,윤아때문에 진짜 많이 웃었고 현빈이랑 김주혁 정말 멋있음 ㅠㅠㅠ마지막도 통쾌하고 핵잼 다음편 나왔으면 ㅠㅠ
63,7,공조,5.0,"현빈 멋짐 터짐♡.♡ 유해진과 케미도 굿!추격전,총격전 아슬아슬 긴장감에 소름 돋음.재밌게 조조를 즐겼음^^"
63,8,공조,5.0,재미있었고 윤아의 연기가 리얼했다.
63,9,공조,5.0,역시 믿고 보는 유해진 현빈!! 정말 재미있습니다!! 핵꿀잼!!
63,10,공조,5.0,너무재미있었답니다~
63,11,공조,5.0,인성이 보려다 현빈본건데 재미잇네요
63,12,공조,5.0,"오늘 어머님이랑 같이 봤습니다. 현빈님은 말이 필요없이 너무 멋지구요. 유해진님  연기는  역시나 보증수표죠. 놀랐던건 김주혁님의 인상깊은 역활에 어울리는 깊이있는 연기였습니다, 공정환님 연기도 엄지척!  윤아님 넘..."
63,13,공조,5.0,현빈 왜이리 멋있죠... 배우들 연기도 굿 재밌어요 ㅋㅋ
63,14,공조,3.5,재밌게 봤읍니다 중간중간 코믹한 대사가 유쾌했어요 남북공조수사라는 아이디어가 좋았네요
63,15,공조,5.0,현빈 넘 멋져요~즐겁게 봤어요
63,16,공조,5.0,현빈 개멋있다 윤아 개이쁘다
63,17,공조,5.0,잼써요 현빈존잘@.@
63,18,공조,5.0,가끔 웃을수도  있고 감동도 있어 좋았습니다 시간 가는줄 모르고 재미 있게 봤습니다
63,19,공조,5.0,더킹 자리없어서 공조봤는데 진짜 공조보길 잘한거같음 진짜 말이 필요없다
63,20,공조,4.5,현빈 존잘..오랜만에 액션신 제대로 본듯한 느낌
63,21,공조,4.5,재미있게봤구요 유해진씨연기가 날로느네요
63,22,공조,5.0,윤아씨 스크린 데뷔작이라 갔는데 정말 재미있게 봤어요 다른분들도 좋았지만 윤아씨 능청스러움에 호탕하게 웃었네요
63,23,공조,5.0,현빈이 너무잘생겨서 울고싶었어요 무튼 정말 재밌었어요♡유해진도짱ㅜㅜ
63,24,공조,5.0,아~~진짜 영화선택 탁월했어용ㅎ완전 빠져서 ㅎㅎ유해진 이랑  현빈의 케미가 죽여줍네용ㅎㅎㅎ또 봐도 좋을거같아용^^사랑합니다
63,25,공조,5.0,몰입도 괜찮구요현빈 멋있게 나오구요유해진 웃기구요지리구요
63,26,공조,5.0,액션이 특히 좋았어요. 강추합니다.
63,27,공조,4.5,재밌게 웃으면서 잘봤습니당
63,28,공조,0.5,개연성 부족하고 억지감동..그냥 전형적인 상업용 영화
63,29,공조,0.5,킬링타임용.. 기대인하면 볼만한데 전개가 매우 부실해서 실소가 나옴
63,30,공조,4.0,나름 잼있음 현빈 존라 멋져
63,31,공조,5.0,재밌었음유혜진겁나웃김ㅋ
63,32,공조,5.0,1000만이상이 확실함
63,33,공조,4.5,넘 재미있게 봤어요.현빈의 액션 연기 넘 최고~~^^
63,34,공조,0.5,평론가점수가 지대로네
63,35,공조,5.0,연기력이 빛나네요...현빈
63,36,공조,5.0,지루할 틈 없이 너무 재밌게 잘 봤어요어머니도 많이 웃으시면서 보셨어요
63,37,공조,5.0,재밌다. 오랜만에 웃었네  윤아는 이쁘고 현빈은 잘생기고 유해진은 매력넘치고 최고의 조합이네
63,38,공조,4.5,의외로 현빈.유해진 케미좋네..  생각없이 시간보내기엔 좋은영화
63,39,공조,4.5,재미있게 잘봤습니다^^
63,40,공조,5.0,남자가 봐도 현빈은 멋있다. 유해진의 친근한 연기와 김주혁의 카리스마. 볼 만한 영화다.
63,41,공조,2.5,네 현빈 연기가 아주 좋아요.. 재미짐요
63,42,공조,5.0,유해진 현빈 이주혁 주연들의 연기 참 좋습니다한번씩 들 보세요~
63,43,공조,5.0,재미잇어요ㅠ뭐 딱 생각한대로지만
63,44,공조,5.0,굿굿 아주 너무너무 깊게 영화 잘봤습니다
63,45,공조,4.0,현빈과 해진님의 꽁트같은 신이 많군
63,46,공조,0.5,최악이다 ...진짜 재미 없게 본 영화 ..돈이 아깝다
63,47,공조,0.5,제발  댓글에 낚여서 보지 마세요
63,48,공조,5.0,현빈의 액션도 그렇지만 유해진과 윤아의 캐미도 돋보였음
63,49,공조,5.0,스릴넘치구 스토리 좋고 추격씬 재밌었어요
63,50,공조,5.0,"가볍게 보러 왔는데, 액션도 좋고~~명절 영화로 딱일듯"
63,51,공조,0.5,배우들 연기력이 아까울 스토리
63,52,공조,0.5,진짜노잼 재밌다는애들은 알바인가
63,53,공조,4.0,"기대 이상으로 박진감 넘치는 전개에 지루할 틈 없이 본 영화. 남북이라는 다소 빤할 수 있는 소재라고 생각했는데, 역시 현빈, 류해진은 믿고보는 배우였다. 멋있네요."
63,54,공조,5.0,현빈의 액션에 유해진의 코믹함에 감동적이기까지... 2시간동안 시간가는줄도몰랐다. 알차다.
63,55,공조,5.0,아주 재밌게 봤습니다 ㅎㅎㅎ지루하지 않아요
63,56,공조,5.0,ㅈㄴ재밌음 노빠꾸다이건
63,57,공조,5.0,가족들이랑 재밌게 보고 왔어요! 추천추천~!
63,58,공조,4.5,재밌었어용ㅎㅎ  유해진 윤아 웃기구 근데 코믹보다는 액션이많아요. 중간엔 맘졸이 면서 봤어요 재밌으니깐 보세용
63,59,공조,4.0,부담없이 재미있게봤어요
63,60,공조,0.5,내용이너무뻔해서긴장감이없네요
63,61,공조,0.5,현빈 유해진 티켓파워였음. 그냥 시간떼우기용 영화.
63,62,공조,0.5,유치했어요 현빈 잘생긴 거 빼고 별로
63,63,공조,0.5,600만이라는 숫자는 남녀가 밥먹고 바로 모텔가기 뭐하니까 나온 숫자인듯하다 최악이다
63,64,공조,4.0,재밌어요~~역시 유해진이란 말이  절로 나옴~~캡짱 멋져분 현빈~~
63,65,공조,4.5,현빈이 너무잘생겻고 이제 현빈을 좋아할것이에용
63,66,공조,0.5,재미없고 뻔한 스토리며 하여튼 별로에요오 ㅋ
63,67,공조,4.5,주연들의 연기가 정말 예술입니다~ 재밌게 잘봤습니다
63,68,공조,5.0,너무너무너무너무너무너무재밋당
63,69,공조,4.5,현빈 너무 멋있고 그와중에 유해진도 잘생겨 보임
63,70,공조,5.0,굿굿짱재미진다느으응으응으응ㅇ
63,71,공조,4.5,흐름도 좋지만 액션볼거리가 흥미로웠습니다.
63,72,공조,4.5,영화는 역시 재미는있는데 좀아쉬운면도있네요
63,73,공조,4.5,현빈과 유해진의 케미가 꿀잼^^
63,74,공조,5.0,재미있고 구성도 좋고 현빈 넘 멋있어욤~
63,75,공조,5.0,어떻게보면 조금 진부한 전개의 스토리를 현빈의 담담하면서도 깊이있는 눈빛+액션연기와 유해진의 코믹연기의 조합이 영화의 몰입도를 살리고 지루하지않게 해주었습니다 보는내내 현빈님 너무 멋있었어요!
63,76,공조,4.0,현빈 넘 멋있어^^~ 믿고보는 유해진 연기에 푹빠졌다.코믹도 액션연기도 넘 좋고 영화대박나길~~
63,77,공조,4.5,재미있게  잘봤네요 현빈 넘 멋있고요 유해진 연기도 좋았어요~
63,78,공조,0.5,전형적인 꼬레아 시간낭비돈낭비 영화
63,79,공조,0.5,훔...정말 돈아까웠어요ㅠㅠ
63,80,공조,0.5,"괜찮은 소재 였는 데...스토리 전개,연기,연출력 70년대 영화를 보는 듯 했다.중간에 나오려다가 가운데 좌석이어서 어쩔 수 없이 참고봤다"
63,81,공조,0.5,조금지루했어요 말도안되는 불사신 이게말이되냐?ㅋ
63,82,공조,5.0,처음부터 끝까지 재밌게 봤네요.. 강추
63,83,공조,5.0,역시유해진!! 그리고 현빈과의 생각치못한케미
63,84,공조,0.5,별로였음 유치하고 더킹이 더 나음
63,85,공조,0.5,그럭저럭 이였다고 생각
63,86,공조,0.5,너무재밌어서1점줍니다!
63,87,공조,5.0,ㅋㅋ기대 안했는데 재밌네요 액션신 굿!
63,88,공조,5.0,멋진영화입니다. 왜 현빈현빈하는지 알겠네요.
63,89,공조,5.0,현빈님은 여전히 멋있고 유해진님은 여전히 재밌으시네요재밌게 잘 봤습니다
63,90,공조,4.0,"역시 cj는 대세의 흐름을 읽는 정치적 감각이 있네 ㅋㅋ 올겨울 정우성,조인성 대 현빈의 승자는 현빈이다."
63,91,공조,5.0,너무 재미있어요웃다가 진지하고 유해진님이랑 현빈님 케미 넘 좋아요
63,92,공조,0.5,요새  인기가 많아 기대가 컸는데  그만큼 실망도 크네요..뻔하고 억지스러움ㅠ
63,93,공조,0.5,와우.최악. 영화보다  자긴처음
63,94,공조,4.0,가족영화로 딱입니다~더킹보다 훨 낫네요!
63,95,공조,5.0,너무재밌었음 ㅋㅋ 볼만한영화로 추천해요
63,96,공조,4.0,재밌습니다!!꼭 보세여
63,97,공조,3.5,현빈형님잘생겻고 해진형님잘생겻고액션 나쁘지않았슈
63,98,공조,0.5,지루파이프로 그렇게 맞으면 척추 나감
63,99,공조,5.0,현빈 유해진케미도 좋았지만 구탱이형이랑 윤아의 재발견!!! 재밌었어요!!
63,100,공조,5.0,조화 짱인것같네요 짱짱짱
